
-- ARTISTS
INSERT INTO artists(id, bio, name)
VALUES (1, 'One of hip hop\'s true mavericks, ASAP Rocky is renowned for his experimental approach to music, his flair for fashion,
his penchant for psychedelic drugs and his prolific love life (former girlfriends include Kendall Jenner and Iggy Azalea).
The most successful member of Harlem\'s A$AP Mob collective of MCs, producers, video directors and designers, Rocky burst onto the scene in 2011,
earning an eye-catching $3 million dollar deal with Sony/RCA. He fast became the toast of East Coast hip hop
and has never looked back.', 'A$AP Rocky');
INSERT INTO artists(id, bio, name)
VALUES (2, 'Drake first came to prominence in the teen soap Degrassi: The Next Generation in the role of Jimmy Brooks, a wheelchair-bound character he played for seven years.
After leaving the show he became one of the biggest rappers on the planet after
signing a deal with Lil Wayne\'s label Young Money Entertainment.
He is rarely out of the headlines, whether it’s for dating Rihanna or Jennifer Lopez,
founding his own label, OVO Sound, or fronting the NBA’s Toronto Raptors as the team\'s global ambassador.
It\'s no surprise that Jay Z labeled him as the Kobe Bryant of hip hop.', 'Drake');
INSERT INTO artists(id, bio, name)
VALUES (3, 'Kanye West initially made his mark on the music industry as a producer for leading artists.
He showcased his own abilities as a rapper with his 2004 debut, College Dropout, and cemented
his place atop the hip hop world via such chart-topping albums as Late Registration (2005),
My Beautiful Dark Twisted Fantasy (2010), Yeezus (2013) and Ye (2018). The winner of nearly two dozen Grammy Awards,
West is also known for his awards-show theatrics, forays into fashion and marriage to Kim Kardashian.', 'Kanye West');
INSERT INTO artists(id, bio, name)
VALUES (4, 'Kendrick Lamar Duckworth, who performs as Kendrick Lamar, was born in Compton, California, on June 17, 1987.
After writing stories as a child, he put to music some lyrics about the rough Compton streets he grew up on.
He rapped under the name K-Dot, releasing a series of increasingly popular mix tapes, which brought him to the attention of
hip-hop super-producer Dr. Dre. Lamar\'s debut major-label recording, good kid, m.A.A.d City, was released to great acclaim and
impressive sales for an up-and-coming recording artist. He continued to receive accolades for his 2015 album, To Pimp a Butterfly,
and his 2017 follow-up, DAMN.; both won Grammys for Best Rap Album, while DAMN. also made history as the first of
its genre to earn a Pulitzer Prize.', 'Kendrick Lamar');
INSERT INTO artists(id, bio, name)
VALUES (5, 'Mixing bud smokers\' anthems with socially conscious numbers, rapper ScHoolboy Q spent three years in the mixtape
underground before launching his career properly in 2011. The first mixtape, the autobiographical Schoolboy Turned Hustla, landed in
2008 and quickly caught the attention of Kendrick Lamar and Top Dawg Entertainment. Lamar would form the Black Hippy collective with
ScHoolboy along with Jay Rock and Ab-Soul, and the Top Dawg label would sign the artist. His Gangster & Soul mixtape landed in 2009,
and Top Dawg released his official debut, Setbacks, in 2011.', 'ScHoolBoy Q');
INSERT INTO artists(id, bio, name)
VALUES (6, 'A Houston-born hip-hop artist and producer affiliated with Kanye West\'s GOOD Music and T.I.\'s Grand Hustle,
Travis Scott became known during the early 2010s for his heavily Auto-Tuned half-sung/half-rapped vocal style. Within seven years of
his mainstream arrival via West\'s Cruel Summer compilation (2012), on which he served as co-producer and featured artist,
Scott attained numerous platinum singles as a lead artist, including a streak of four that began with \"Antidote\", a track off
his number three hit debut album, Rodeo (2015).He followed with a pair of number one full-lengths, Birds in the Trap Sing McKnight (2016)
and Astroworld (2018).', 'Travis Scott');
INSERT INTO artists(id, bio, name)
VALUES (7, 'A star in the R&B world before she was even out of her teens, Aaliyah\'s promising career was tragically cut short by her
death in a plane crash at age 22. Even with only three albums under her belt, she\'d already earned a place as a talented trendsetter
among the R&B elite. Following a successful transition to a more mature image, Aaliyah played a major role in popularizing the stuttering,
futuristic production style that consumed hip-hop and urban soul in the late \'90s. Her work with Timbaland, especially, was some of the most
forward-looking R&B of its time, even while the competing neo-soul movement was gaining prominence. Aaliyah\'s death came on the heels of her
third and most accomplished album, making it especially unfortunate
that she was robbed of a chance to continue her creative development.', 'Aaliyah');
-- new
INSERT INTO artists(id, bio, name)
VALUES (8, 'Known as the "King of Pop," Michael Jackson was a best-selling American singer, songwriter
and dancer. As a child, Jackson became the lead singer of his family''s popular Motown group, the
Jackson 5. He went on to a solo career of astonishing worldwide success, delivering No. 1 hits from
the albums Off the Wall, Thriller and Bad. In his later years, Jackson was dogged by allegations of child
molestation. He died in 2009 at age 50 of a drug overdose just before launching a comeback tour.',
        'Michael Jackson');

INSERT INTO artists(id, bio, name)
VALUES (9, 'The Weeknd, originally Abel Tesfaye, broke into the music scene with the 2011 mixtape
House of Balloons. He went on to work with Drake, Wiz Khalifa and others, while building his own career
as an artist. In 2015, the Weeknd enjoyed huge success with the Grammy-winning album Beauty Behind the
Madness, which boasted the hit single “Can’t Feel My Face.” His follow-up album, Starboy (2016), also
won a Grammy and featured collaborations with artists such as Daft Punk.', 'The Weeknd');

INSERT INTO artists(id, bio, name)
VALUES (10, 'The band was formed in 1981 in Los Angeles
by vocalist/guitarist James Hetfield and drummer Lars Ulrich, and has been based in San Francisco
for most of its career.[1][2] The band''s fast tempos, instrumentals and aggressive musicianship made
them one of the founding "big four" bands of thrash metal, alongside Megadeth, Anthrax and Slayer.
Metallica''s current lineup comprises founding members and primary songwriters Hetfield and Ulrich,
longtime lead guitarist Kirk Hammett, and bassist Robert Trujillo. Guitarist Dave Mustaine (who went on
to form Megadeth after being fired from the band) and bassists Ron McGovney, Cliff Burton (who died in
a bus accident in Sweden in 1986) and Jason Newsted are former members of the band', 'Metallica');

INSERT INTO artists(id, bio, name)
VALUES (11, 'Popstar Rihanna signed with Def Jam records at age 16 and in 2005 released her first
album Music of the Sun, which sold more than two million copies worldwide. She went on to release
more albums and an array of hit songs, including "Unfaithful," "Umbrella," "Disturbia," "Take a Bow",
"Diamonds" and "We Found Love." A global pop star with an unrelentingly edgy image, Rihanna has also
won multiple industry accolades, including Grammys and MTV awards.', 'Rihanna');

INSERT INTO artists(id, bio, name)
VALUES (12, 'Tiësto is the stage name of the famous Dutch disc jockey and music producer, Tijs
Michiel Verwest. Tiësto is one of the world''s leading DJs and has put together some mind-blowing live
shows to millions of fans across the world. Not surprisingly, he hasappeared regularly on the covers of
some premier opulent magazines. Tiësto has been nominated for Grammys and he isalso a platinum certified
record holder, thanks to his unique approach towardselectronic dance music. He is the founder of the music label,
‘Black Hole Recordings’, which has gifted music lovers some amazing tracks and albums.', 'Tiësto');

-- PICTURES
INSERT INTO pictures(id, image_url, name, artist_id)
VALUES (1, 'https://wwd.com/wp-content/uploads/2018/06/asap-rocky.jpg', 'A$AP Rocky', 1);
INSERT INTO pictures(id, image_url, name, artist_id)
VALUES (2,
        'https://media.gq.com/photos/609d6e7585bdd1881580ee73/16:9/w_2560%2Cc_limit/asap-rocky-gq-cover-june-july-2021-01.jpg',
        'A$AP Rocky', 1);
INSERT INTO pictures(id, image_url, name, artist_id)
VALUES (3, 'https://i.pinimg.com/originals/02/da/56/02da56a7073e40c8fab420fe74c41b96.jpg', 'A$AP Rocky', 1);

INSERT INTO pictures(id, image_url, name, artist_id)
VALUES (4, 'https://baylorlariat.com/wp-content/uploads/2021/09/drake-2000.jpg', 'Drake', 2),
       (5, 'https://media.pitchfork.com/photos/612903e10a693361be8082cb/2:1/w_2800,h_1400,c_limit/Drake.jpg', 'Drake',
        2),
       (6,
        'https://blog.patrickstereocap.com/wp-content/uploads/edd/2019/12/https___images.genius.com_ab16b09d9b81137e83f210f84e963c37.1000x1000x1-300x300.png',
        'Drake', 2);

INSERT INTO pictures(id, image_url, name, artist_id)
VALUES (7,
        'https://imagesvc.meredithcorp.io/v3/mm/image?url=https%3A%2F%2Fstatic.onecms.io%2Fwp-content%2Fuploads%2Fsites%2F20%2F2021%2F09%2F25%2FKanye-West.jpg&q=85',
        'Kanye West', 3),
       (8,
        'https://media.gq.com/photos/5ad93798ceb93861adb912d8/16:9/w_2560%2Cc_limit/kanye-west-0814-GQ-FEKW01.01.jpg',
        'Kanye West', 3),
       (9, 'https://i.kfs.io/artist/global/20993,0v4/fit/300x300.jpg', 'Kanye West', 3);

INSERT INTO pictures(id, image_url, name, artist_id)
VALUES (10, 'https://c.files.bbci.co.uk/1400A/production/_100903918_gettyimages-946042002.jpg', 'Kendrick Lamar', 4),
       (11, 'https://www.stutteringhelp.org/sites/default/files/pictures/KendrickLamar.jpg', 'Kendrick Lamar', 4),
       (12, 'https://www.rockinroma.com/wp-content/uploads/2019/11/KL_2020_300x300_foto_artista.jpg', 'Kendrick Lamar',
        4);

INSERT INTO pictures(id, image_url, name, artist_id)
VALUES (13, 'https://d3nxoulyw7bc8u.cloudfront.net/images/artists/4384/eba534b0-8090-4e5a-8ddc-276110cb7705.jpg',
        'ScHoolBoy Q', 5),
       (14,
        'https://thefader-res.cloudinary.com/private_images/w_760,c_limit,f_auto,q_auto:best/GettyImages-1136954530_tmx0da/schoolboy-q-performs-at-coachella-april-13-2019.jpg',
        'ScHoolBoy Q', 5),
       (15, 'https://images.sk-static.com/images/media/profile_images/artists/3929726/huge_avatar', 'ScHoolBoy Q', 5);

INSERT INTO pictures(id, image_url, name, artist_id)
VALUES (16, 'https://thevoice.bg/storage/news/2021/06/3381/image_43b293404269a423d245.jpg', 'Travis Scott', 6),
       (17, 'https://pagesix.com/wp-content/uploads/sites/3/2021/07/travis-scott.jpg?quality=80&strip=all',
        'Travis Scott', 6),
       (18, 'https://thumbnailer.mixcloud.com/unsafe/300x300/extaudio/b/1/2/5/6276-bef1-495a-9ff5-679df901b261',
        'Travis Scott', 6);

INSERT INTO pictures(id, image_url, name, artist_id)
VALUES (19, 'https://ichef.bbci.co.uk/news/976/cpsprodpb/8EE4/production/_119808563_aaliyah.jpg', 'Aaliyah', 7),
       (20,
        'https://imagesvc.meredithcorp.io/v3/mm/image?url=https%3A%2F%2Fstatic.onecms.io%2Fwp-content%2Fuploads%2Fsites%2F6%2F2021%2F08%2F05%2FGettyImages-120681046.jpg&q=85',
        'Aaliyah', 7),
       (21, 'https://i.kfs.io/artist/global/3910,0v4/fit/300x300.jpg', 'Aaliyah', 7);

-- Album pictures
INSERT INTO pictures(id, image_url, name, artist_id)
VALUES (22, 'https://upload.wikimedia.org/wikipedia/en/9/93/Long-live-asap.jpg', 'LONG.LIVE.A$AP', 1),
       (23, 'https://upload.wikimedia.org/wikipedia/en/a/ab/AtLongLastASAPCover.jpg', 'AT.LONG.LAST.A$AP', 1),
       (24, 'https://upload.wikimedia.org/wikipedia/en/6/6a/ASAP_Rocky_Testing.jpg', 'TESTING', 1),

       (25, 'https://upload.wikimedia.org/wikipedia/en/9/9c/Drake_-_Thank_Me_Later_cover.jpg', 'Thank Me Later', 2),
       (26, 'https://upload.wikimedia.org/wikipedia/en/a/ae/Drake_-_Take_Care_cover.jpg', 'Take Care', 2),
       (27,
        'https://img.discogs.com/O_iNlqoaMTU0hIqi9Kx7Vmb7NgA=/fit-in/300x300/filters:strip_icc():format(jpeg):mode_rgb():quality(40)/discogs-images/R-4940480-1380052669-5279.jpeg.jpg',
        'Nothing Was The Same', 2),
       (28, 'https://i.scdn.co/image/ab67616d0000b2732090f4f6cc406e6d3c306733',
        'If You\'re Reading This It\'s Too Late', 2),
       (29, 'https://upload.wikimedia.org/wikipedia/en/9/94/Drake_and_Future_-_What_a_Time_to_Be_Alive_cover.jpg',
        'What A Time To Be Alive', 2),
       (30, 'https://upload.wikimedia.org/wikipedia/en/a/af/Drake_-_Views_cover.jpg', 'Views', 2),
       (31, 'https://upload.wikimedia.org/wikipedia/en/7/70/Drake_-_More_Life_cover.jpg', 'More Life', 2),
       (32, 'https://upload.wikimedia.org/wikipedia/en/thumb/9/90/Scorpion_by_Drake.jpg/220px-Scorpion_by_Drake.jpg',
        'Scorpion', 2),
       (33, 'https://upload.wikimedia.org/wikipedia/en/8/8b/Drake_Care_Package_cover.jpg', 'Care Package', 2),
       (34, 'https://upload.wikimedia.org/wikipedia/en/6/6b/Drake_-_Dark_Lane_Demo_Tapes.png', 'Dark Lane Demo Tapes',
        2),
       (35, 'https://media.pitchfork.com/photos/613214a114458bf5df99f2a9/1:1/w_320/Drake-Certified-Lover-Boy.png',
        'Certified Lover Boy', 2),

       (36, 'https://upload.wikimedia.org/wikipedia/en/a/a3/Kanyewest_collegedropout.jpg', 'The College Dropout', 3),
       (37, 'https://upload.wikimedia.org/wikipedia/en/f/f4/Late_registration_cd_cover.jpg', 'Late Registration', 3),
       (38, 'https://upload.wikimedia.org/wikipedia/en/7/70/Graduation_%28album%29.jpg', 'Graduation', 3),
       (39, 'https://upload.wikimedia.org/wikipedia/en/f/f1/808s_%26_Heartbreak.png', '808s & Heartbreak', 3),
       (40, 'https://static.qobuz.com/images/covers/46/74/0060252747446_600.jpg', 'My Beautiful Dark Twisted Fantasy',
        3),
       (41, 'https://upload.wikimedia.org/wikipedia/en/e/ee/Watch_The_Throne.jpg', 'Watch The Throne', 3),
       (42, 'https://upload.wikimedia.org/wikipedia/en/0/03/Yeezus_album_cover.png', 'Yeezus', 3),
       (43, 'https://upload.wikimedia.org/wikipedia/en/4/4d/The_life_of_pablo_alternate.jpg', 'The Life Of Pablo', 3),
       (44, 'https://upload.wikimedia.org/wikipedia/en/7/74/Ye_album_cover.jpg', 'ye', 3),
       (45, 'https://upload.wikimedia.org/wikipedia/en/4/44/Kids_See_Ghosts_Cover.png', 'KIDS SEE GHOSTS', 3),
       (46, 'https://upload.wikimedia.org/wikipedia/en/a/a4/Kanye_West_-_Jesus_Is_King.png', 'JESUS IS KING', 3),
       (47, 'https://colorcasters.com/wp-content/uploads/2014/05/Black-300x300.jpeg', 'Donda', 3),

       (48, 'https://upload.wikimedia.org/wikipedia/en/0/03/Kendrick_Lamar_-_Overly_Dedicated.jpg', 'Overly Dedicated',
        4),
       (49, 'https://upload.wikimedia.org/wikipedia/en/4/48/Section.80-Cover.jpg', 'Section.80', 4),
       (50, 'https://upload.wikimedia.org/wikipedia/en/thumb/9/93/KendrickGKMC.jpg/220px-KendrickGKMC.jpg',
        'good kid, m.A.A.d city', 4),
       (51, 'https://upload.wikimedia.org/wikipedia/en/f/f6/Kendrick_Lamar_-_To_Pimp_a_Butterfly.png',
        'To Pimp A Butterfly', 4),
       (52, 'https://upload.wikimedia.org/wikipedia/en/b/be/Kendrick_Lamar_-_Untitled_Unmastered_%28Artwork%29.jpg',
        'untitled unmastered.', 4),
       (53, 'https://upload.wikimedia.org/wikipedia/en/5/51/Kendrick_Lamar_-_Damn.png', 'DAMN.', 4),

       (54, 'https://upload.wikimedia.org/wikipedia/en/b/b7/SCHOOLBOYQSETBACKS.jpg', 'Setbacks', 5),
       (55, 'https://upload.wikimedia.org/wikipedia/en/5/51/HabitsnContradictions.jpg', 'Habits & Contradictions', 5),
       (56,
        'https://upload.wikimedia.org/wikipedia/en/thumb/5/5d/Schoolboy-q-oxymoron-deluxecover.jpg/220px-Schoolboy-q-oxymoron-deluxecover.jpg',
        'Oxymoron', 5),
       (57, 'https://upload.wikimedia.org/wikipedia/en/3/33/Blankfacelpcover.jpg', 'Blank Face LP', 5),
       (58, 'https://upload.wikimedia.org/wikipedia/en/a/a6/Schoolboy_Q_-_Crash_Talk.png', 'CrasH Talk', 5),

       (59, 'https://upload.wikimedia.org/wikipedia/en/thumb/0/02/Rodeoalbum.jpg/220px-Rodeoalbum.jpg', 'Rodeo', 6),
       (60, 'https://upload.wikimedia.org/wikipedia/en/6/61/Travis_Scott_-_Birds_in_the_Trap_Sing_McKnight.png',
        'Birds In The Trap Sing McKnight', 6),
       (61, 'https://upload.wikimedia.org/wikipedia/en/6/6c/Huncho_Jack%2C_Jack_Huncho_cover.jpg',
        'Huncho Jack, Jack Huncho', 6),
       (62, 'https://upload.wikimedia.org/wikipedia/en/0/0b/Astroworld_by_Travis_Scott.jpg', 'ASTROWORLD', 6),
       (63, 'https://upload.wikimedia.org/wikipedia/en/c/ce/JackBoys_-_JackBoys.png', 'JACKBOYS', 6),

       (64, 'https://upload.wikimedia.org/wikipedia/en/9/9b/Aaliyah-age-aint-94.jpg', 'Age Ain\'t Nothing But A Number',
        7),
       (65, 'https://upload.wikimedia.org/wikipedia/en/a/a8/Aaliyah_-_One_in_a_Million_%28album_cover%29.png',
        'One In A Million', 7),
       (66,
        'https://upload.wikimedia.org/wikipedia/en/thumb/8/83/Aaliyah_album_cover.jpg/220px-Aaliyah_album_cover.jpg',
        'Aaliyah', 7),
       (67, 'https://upload.wikimedia.org/wikipedia/en/thumb/7/72/Aaliyah-icare4u3.jpg/220px-Aaliyah-icare4u3.jpg',
        'I Care 4 U', 7);

INSERT INTO pictures(id, image_url, name, artist_id)
VALUES (68, 'https://imgs.smoothradio.com/images/224840?width=2480&crop=16_9&signature=T4S67eHJflmFzFEGYBYf8BiOWUs=',
        'Michael Jackson', 8),
       (69,
        'https://images.edexlive.com/uploads/user/imagelibrary/2019/8/29/original/michael-jackson-tv-show-joseph-fiennes-1108x0-c-default.jpg?w=400&dpr=2.6',
        'Michael Jackson', 8),
       (70, 'https://thumbnailer.mixcloud.com/unsafe/300x300/extaudio/f/6/d/d/0fa9-bf2a-43b0-a733-093a43a5283a.jpg',
        'Michael Jackson', 8);

INSERT INTO pictures(id, image_url, name, artist_id)
VALUES (71, 'https://ichef.bbci.co.uk/news/976/cpsprodpb/066F/production/_121774610_gettyimages-1319690083.jpg',
        'The Weeknd', 9),
       (72,
        'https://image-cdn.hypb.st/https%3A%2F%2Fhypebeast.com%2Fimage%2F2021%2F09%2Fthe-weeknd-cant-feel-my-face-alternate-music-video-beauty-behind-the-madness-sixth-anniversary-tw.jpg?w=960&cbr=1&q=90&fit=max',
        'The Weeknd', 9),
       (73, 'https://i.pinimg.com/originals/4c/e5/16/4ce516ee1dea35ab2d67be737b1e796a.png', 'The Weeknd', 9);

INSERT INTO pictures(id, image_url, name, artist_id)
VALUES (74,
        'https://images.kerrangcdn.com/Metallica_SM22_San_Francisco-2019AntonCorbijn.jpg?auto=compress&fit=crop&w=1200',
        'Metallica', 10),
       (75, 'https://chaospin.com/wp-content/uploads/2020/12/how-much-is-the-net-worth-of-metallica-members.jpg',
        'Metallica', 10),
       (76, 'https://images.sk-static.com/images/media/profile_images/artists/331163/huge_avatar', 'Metallica', 10);

INSERT INTO pictures(id, image_url, name, artist_id)
VALUES (77,
        'https://hips.hearstapps.com/hmg-prod.s3.amazonaws.com/images/rihanna-seen-out-working-in-manhattan-on-february-7-2020-in-news-photo-1638452080.jpg?crop=1.00xw:0.334xh;0,0.0791xh&resize=1200:*',
        'Rihanna', 11),
       (78, 'https://images.indianexpress.com/2021/02/rihanna-.jpg', 'Rihanna', 11),
       (79,
        'https://www.biography.com/.image/ar_1:1%2Cc_fill%2Ccs_srgb%2Cg_face%2Cq_auto:good%2Cw_300/MTgwODI3ODAxNjAxOTc1Mzg0/rihanna.jpg',
        'Rihanna', 11);

INSERT INTO pictures(id, image_url, name, artist_id)
VALUES (80, 'https://d3vhc53cl8e8km.cloudfront.net/artists/95/OmXy1JSBjJS6q7pAQ9MoRyD8O5FrXuZcx6YB4UBy.jpeg', 'Tiësto',
        12),
       (81,
        'https://d3vhc53cl8e8km.cloudfront.net/hello-staging/wp-content/uploads/2018/02/21212546/soundevolution_tiesto_720.jpg',
        'Tiësto', 12),
       (82, 'https://gadgetspage.com/wp-content/uploads/2018/02/tiesto-gp-300x300.jpg', 'Tiësto', 12);

INSERT INTO pictures(id, image_url, name, artist_id)
VALUES (83, 'https://upload.wikimedia.org/wikipedia/en/1/17/BenMichaelJackson.jpg', 'Ben', 8),
       (84, 'https://upload.wikimedia.org/wikipedia/en/b/b2/Mj1971-got-to-be-there.jpg', 'Got To Be There', 8),
       (85, 'https://upload.wikimedia.org/wikipedia/en/1/19/Mjmusicandme.jpg', 'Music & Me', 8),
       (86, 'https://upload.wikimedia.org/wikipedia/en/b/be/Mjforever.JPG', 'Forever Michael', 8),
       (87, 'https://upload.wikimedia.org/wikipedia/en/f/f6/Off_the_wall.jpg', 'Off the Wall', 8),
       (88, 'https://upload.wikimedia.org/wikipedia/en/5/55/Michael_Jackson_-_Thriller.png', 'Thriller', 8),
       (89, 'https://upload.wikimedia.org/wikipedia/en/5/51/Michael_Jackson_-_Bad.png', 'Bad', 8),
       (90, 'https://upload.wikimedia.org/wikipedia/en/1/11/Michaeljacksondangerous.jpg', 'Dangerous', 8),
       (91, 'https://upload.wikimedia.org/wikipedia/en/3/35/MJ-HIStory.jpg',
        'HIStory: Past, Present and Future, Book I', 8),
       (92, 'https://upload.wikimedia.org/wikipedia/en/9/98/Mjinvincible.jpg', 'Invincible', 8),

       (93, 'https://upload.wikimedia.org/wikipedia/en/9/96/The_Weeknd_-_Trilogy.png', 'Trilogy', 9),
       (94, 'https://upload.wikimedia.org/wikipedia/en/e/ed/The_Weeknd_-_Kiss_Land.png', 'Kiss Land', 9),
       (95, 'https://upload.wikimedia.org/wikipedia/en/b/bd/The_Weeknd_-_Beauty_Behind_the_Madness.png',
        'Beauty Behind the Madness', 9),
       (96, 'https://upload.wikimedia.org/wikipedia/en/3/39/The_Weeknd_-_Starboy.png', 'Starboy', 9),
       (97, 'https://upload.wikimedia.org/wikipedia/en/c/c1/The_Weeknd_-_After_Hours.png', 'After Hours', 9),

       (98, 'https://upload.wikimedia.org/wikipedia/en/5/5c/Metallica_-_Kill_%27Em_All_cover.jpg', 'Kill \'Em All', 10),
       (99, 'https://upload.wikimedia.org/wikipedia/en/f/f4/Ridetl.png', 'Ride the Lightning', 10),
       (100, 'https://upload.wikimedia.org/wikipedia/en/b/b2/Metallica_-_Master_of_Puppets_cover.jpg',
        'Master of Puppets', 10),
       (101, 'https://upload.wikimedia.org/wikipedia/en/b/bd/Metallica_-_...And_Justice_for_All_cover.jpg',
        '...And Justice for All', 10),
       (102, 'https://upload.wikimedia.org/wikipedia/en/2/2c/Metallica_-_Metallica_cover.jpg', 'Metallica', 10),
       (103, 'https://upload.wikimedia.org/wikipedia/en/b/b4/Metallica_-_Load_cover.jpg', 'Load', 10),
       (104, 'https://upload.wikimedia.org/wikipedia/en/9/9b/Metallica_-_Reload_cover.jpg', 'Reload', 10),
       (105, 'https://upload.wikimedia.org/wikipedia/en/2/2f/Metallica_-_St._Anger_cover.jpg', 'St. Anger', 10),
       (106, 'https://upload.wikimedia.org/wikipedia/en/5/53/Metallica_-_Death_Magnetic_cover.jpg', 'Death Magnetic',
        10),
       (107, 'https://upload.wikimedia.org/wikipedia/en/a/a5/Hardwired..._To_Self-Destruct_Album_Cover.jpeg',
        'Hardwired... to Self-Destruct', 10),

       (108, 'https://upload.wikimedia.org/wikipedia/en/6/6e/Rihanna_-_Music_of_the_Sun.png', 'Music of the Sun', 11),
       (109, 'https://upload.wikimedia.org/wikipedia/en/6/61/A_Girl_like_Me_-_Rihanna.png', 'A Girl like Me', 11),
       (110, 'https://upload.wikimedia.org/wikipedia/en/f/f7/Good_Girl_Gone_Bad.png', 'Good Girl Gone Bad', 11),
       (111, 'https://upload.wikimedia.org/wikipedia/en/a/aa/Rihanna_-_Rated_R.png', 'Rated R', 11),
       (112, 'https://upload.wikimedia.org/wikipedia/en/d/d1/Rihanna_-_Loud.png', 'Loud', 11),
       (113, 'https://upload.wikimedia.org/wikipedia/en/8/8e/Rihanna_-_Talk_That_Talk_%28standard%29.png',
        'Talk That Talk', 11),
       (114, 'https://upload.wikimedia.org/wikipedia/en/9/9b/Unapologetic_-_Rihanna.png', 'Unapologetic', 11),
       (115, 'https://upload.wikimedia.org/wikipedia/en/3/32/Rihanna_-_Anti.png', 'Anti', 11),

       (116, 'https://upload.wikimedia.org/wikipedia/en/0/00/Inmymemoryalbum.jpg', 'In My Memory', 12),
       (117, 'https://upload.wikimedia.org/wikipedia/en/3/33/Justbealbum.jpg', 'Just Be', 12),
       (118, 'https://upload.wikimedia.org/wikipedia/en/4/46/Tiesto-elements-of-life.jpg', 'Elements of Life', 12),
       (119, 'https://upload.wikimedia.org/wikipedia/en/2/22/Tiestokaleidoscope.jpg', 'Kaleidoscope', 12),
       (120, 'https://upload.wikimedia.org/wikipedia/en/3/38/Tiesto_-_A_Town_Called_Paradise.jpg',
        'A Town Called Paradise', 12),
       (121, 'https://upload.wikimedia.org/wikipedia/en/2/25/London_Sessions_Ti%C3%ABsto_album_Cover.jpg',
        'The London Sessions', 12);

INSERT INTO albums(id, genre, name, year_released, artist_id, picture_id)
VALUES (1, 'HIP_HOP', 'LONG.LIVE.A$AP', 2013, 1, 22),
       (2, 'HIP_HOP', 'AT.LONG.LAST.A$AP', 2015, 1, 23),
       (3, 'HIP_HOP', 'TESTING', 2018, 1, 24),

       (4, 'HIP_HOP', 'Thank Me Later', 2010, 2, 25),
       (5, 'HIP_HOP', 'Take Care', 2011, 2, 26),
       (6, 'HIP_HOP', 'Nothing Was the Same', 2013, 2, 27),
       (7, 'HIP_HOP', 'If You\'re Reading This It\'s Too Late', 2015, 2, 28),
       (8, 'HIP_HOP', 'What A Time To Be Alive', 2015, 2, 29),
       (9, 'HIP_HOP', 'Views', 2016, 2, 30),
       (10, 'HIP_HOP', 'More Life', 2017, 2, 31),
       (11, 'HIP_HOP', 'Scorpion', 2018, 2, 32),
       (12, 'HIP_HOP', 'Care Package', 2019, 2, 33),
       (13, 'HIP_HOP', 'Dark Lane Demo Tapes', 2020, 2, 34),
       (14, 'HIP_HOP', 'Certified Lover Boy', 2021, 2, 35),

       (15, 'HIP_HOP', 'The College Dropout', 2004, 3, 36),
       (16, 'HIP_HOP', 'Late Registration', 2005, 3, 37),
       (17, 'HIP_HOP', 'Graduation', 2007, 3, 38),
       (18, 'HIP_HOP', '808s & Heartbreak', 2008, 3, 39),
       (19, 'HIP_HOP', 'My Beautiful Dark Twisted Fantasy', 2010, 3, 40),
       (20, 'HIP_HOP', 'Watch The Throne', 2011, 3, 41),
       (21, 'HIP_HOP', 'Yeezus', 2013, 3, 42),
       (22, 'HIP_HOP', 'The Life Of Pablo', 2016, 3, 43),
       (23, 'HIP_HOP', 'ye', 2018, 3, 44),
       (24, 'HIP_HOP', 'KIDS SEE GHOSTS', 2018, 3, 45),
       (25, 'HIP_HOP', 'JESUS IS KING', 2019, 3, 46),
       (26, 'HIP_HOP', 'Donda', 2021, 3, 47),


       (27, 'HIP_HOP', 'Overly Dedicated', 2010, 4, 48),
       (28, 'HIP_HOP', 'Section.80', 2011, 4, 49),
       (29, 'HIP_HOP', 'good kid, m.A.A.d city', 2012, 4, 50),
       (30, 'HIP_HOP', 'To Pimp A Butterfly', 2015, 4, 51),
       (31, 'HIP_HOP', 'untitled unmastered.', 2016, 4, 52),
       (32, 'HIP_HOP', 'DAMN.', 2017, 4, 53),


       (33, 'HIP_HOP', 'Setbacks', 2011, 5, 54),
       (34, 'HIP_HOP', 'Habits & Contradictions', 2012, 5, 55),
       (35, 'HIP_HOP', 'Oxymoron', 2014, 5, 56),
       (36, 'HIP_HOP', 'Blank Face LP', 2016, 5, 57),
       (37, 'HIP_HOP', 'CrasH Talk', 2019, 5, 58),


       (38, 'HIP_HOP', 'Rodeo', 2015, 6, 59),
       (39, 'HIP_HOP', 'Birds In The Trap Sing McKnight', 2016, 6, 60),
       (40, 'HIP_HOP', 'Huncho Jack, Jack Huncho', 2017, 6, 61),
       (41, 'HIP_HOP', 'ASTROWORLD', 2018, 6, 62),
       (42, 'HIP_HOP', 'JACKBOYS', 2019, 6, 63),


       (43, 'POP', 'Age Ain\'t Nothing But A Number', 1994, 7, 64),
       (44, 'POP', 'One In A Million', 1996, 7, 65),
       (45, 'POP', 'Aaliyah', 2001, 7, 66),
       (46, 'POP', 'I Care 4 U', 2002, 7, 67),

       (47, 'POP', 'Ben', 1972, 8, 83),
       (48, 'POP', 'Got To Be There', 1972, 8, 84),
       (49, 'POP', 'Music & Me', 1973, 8, 85),
       (50, 'POP', 'Forever Michael', 1975, 8, 86),
       (51, 'POP', 'Off the Wall', 1979, 8, 87),
       (52, 'POP', 'Thriller', 1982, 8, 88),
       (53, 'POP', 'Bad', 1987, 8, 89),
       (54, 'POP', 'Dangerous', 1991, 8, 90),
       (55, 'POP', 'HIStory: Past, Present and Future, Book I', 1995, 8, 91),
       (56, 'POP', 'Invincible', 2001, 8, 92),

       (57, 'POP', 'Trilogy', 2012, 9, 93),
       (58, 'POP', 'Kiss Land', 2013, 9, 94),
       (59, 'POP', 'Beauty Behind the Madness', 2015, 9, 95),
       (60, 'POP', 'Starboy', 2016, 9, 96),
       (61, 'POP', 'After Hours', 2020, 9, 97),

       (62, 'METAL', 'Kill \'Em All', 1983, 10, 98),
       (63, 'METAL', 'Ride the Lightning', 1984, 10, 99),
       (64, 'METAL', 'Master of Puppets', 1986, 10, 100),
       (65, 'METAL', '...And Justice for All', 1988, 10, 101),
       (66, 'METAL', 'Metallica', 1991, 10, 102),
       (67, 'METAL', 'Load', 1996, 10, 103),
       (68, 'METAL', 'Reload', 1997, 10, 104),
       (69, 'METAL', 'St. Anger', 2003, 10, 105),
       (70, 'METAL', 'Death Magnetic', 2008, 10, 106),
       (71, 'METAL', 'Hardwired... to Self-Destruct', 2016, 10, 107),

       (72, 'POP', 'Music of the Sun', 2005, 11, 108),
       (73, 'POP', 'A Girl like Me', 2006, 11, 109),
       (74, 'POP', 'Good Girl Gone Bad', 2008, 11, 110),
       (75, 'POP', 'Rated R', 2009, 11, 111),
       (76, 'POP', 'Loud', 2010, 11, 112),
       (77, 'POP', 'Talk That Talk', 2011, 11, 113),
       (78, 'POP', 'Unapologetic', 2012, 11, 114),
       (79, 'POP', 'Anti', 2016, 11, 115),

       (80, 'EDM', 'In My Memory', 2009, 12, 116),
       (81, 'EDM', 'Just Be', 2009, 12, 117),
       (82, 'EDM', 'Elements of Life', 2009, 12, 118),
       (83, 'EDM', 'Kaleidoscope', 2009, 12, 119),
       (84, 'EDM', 'A Town Called Paradise', 2014, 12, 120),
       (85, 'EDM', 'The London Sessions', 2020, 12, 121);



-- asap rocky
INSERT INTO songs(name, album_id, artist_id)
VALUES ('Long Live A$AP', 1, 1),
       ('Goldie', 1, 1),
       ('PMW (All I Really Need) (Ft. ScHoolboy Q)', 1, 1),
       ('LVL', 1, 1),
       ('Hell', 1, 1),
       ('Pain', 1, 1),
       ('Fuckin\' Problems (Ft. 2 Chainz, Drake & Kendrick Lamar)', 1, 1),
       ('Wild for the Night (Ft. Birdy Nam Nam & Skrillex)', 1, 1),
       ('1Train (Ft. Action Bronson, Big K.R.I.T., Danny Brown, Joey Bada$$, Kendrick Lamar & Yelawolf)', 1, 1),
       ('Fashion Killa', 1, 1),
       ('Phoenix', 1, 1),
       ('Suddenly', 1, 1),

       ('Holy Ghost (Ft. Joe Fox)', 2, 1),
       ('Canal St. (Ft. BONES)', 2, 1),
       ('Fine Whine (Ft. Future, Joe Fox & M.I.A.)', 2, 1),
       ('L$D', 2, 1),
       ('Excuse Me', 2, 1),
       ('JD', 2, 1),
       ('Lord Pretty Flacko Jodye 2 (LPFJ2)', 2, 1),
       ('Electric Body (Ft. ScHoolboy Q)', 2, 1),
       ('Jukebox Joints (Ft. Joe Fox & Kanye West)', 2, 1),
       ('Max B (Ft. Joe Fox)', 2, 1),
       ('Pharsyde (Ft. Joe Fox)', 2, 1),
       ('Wavybone (Ft. Juicy J & UGK)', 2, 1),
       ('West Side Highway (Ft. James Fauntleroy)', 2, 1),
       ('Better Things', 2, 1),
       ('M\'$ (Ft. Lil Wayne)', 2, 1),
       ('Dreams (Interlude)', 2, 1),
       ('Everyday (Ft. Mark Ronson, Miguel & Rod Stewart)', 2, 1),
       ('Back Home (Ft. Acyde, A$AP Yams & Yasiin Bey)', 2, 1),

       ('Distorted Records', 3, 1),
       ('A$AP Forever REMIX (Ft. Kid Cudi, Moby & T.I.)', 3, 1),
       ('Tony Tone', 3, 1),
       ('Fukk Sleep (Ft. FKA twigs)', 3, 1),
       ('Praise the Lord (Da Shine) (Ft. Skepta)', 3, 1),
       ('CALLDROPS (Ft. Kodak Black)', 3, 1),
       ('Buck Shots', 3, 1),
       ('Gunz N Butter (Ft. Juicy J)', 3, 1),
       ('Brotha Man (Ft. French Montana)', 3, 1),
       ('OG Beeper', 3, 1),
       ('Kids Turned Out Fine', 3, 1),
       ('Hun43rd (Ft. Devonté Hynes)', 3, 1),
       ('Changes', 3, 1),
       ('Black Tux, White Collar', 3, 1),
       ('Purity (Ft. Frank Ocean)', 3, 1);

-- drake
INSERT INTO songs(name, album_id, artist_id)
VALUES ('Fireworks (Ft. Alicia Keys)', 4, 2),
       ('Karaoke', 4, 2),
       ('The Resistance', 4, 2),
       ('Over', 4, 2),
       ('Show Me a Good Time', 4, 2),
       ('Up All Night (Ft. Nicki Minaj)', 4, 2),
       ('Fancy (Ft. Swizz Beatz & T.I.)', 4, 2),
       ('Shut It Down (Ft. The-Dream)', 4, 2),
       ('Unforgettable (Ft. Jeezy)', 4, 2),
       ('Light Up (Ft. JAY-Z)', 4, 2),
       ('Miss Me (Ft. Lil Wayne)', 4, 2),
       ('Cece''s Interlude', 4, 2),
       ('Find Your Love', 4, 2),
       ('Thank Me Now', 4, 2),

       ('Over My Dead Body', 5, 2),
       ('Shot for Me', 5, 2),
       ('Headlines', 5, 2),
       ('Crew Love (Ft. The Weeknd)', 5, 2),
       ('Take Care (Ft. Rihanna)', 5, 2),
       ('Marvin\'s Room', 5, 2),
       ('Buried Alive Interlude (Ft. Kendrick Lamar)', 5, 2),
       ('Under Ground Kings', 5, 2),
       ('We\'ll Be Fine (Ft. Birdman)', 5, 2),
       ('Make Me Proud (Ft. Nicki Minaj)', 5, 2),
       ('Lord Knows (Ft. Rick Ross)', 5, 2),
       ('Cameras', 5, 2),
       ('Good Ones Go (Interlude)', 5, 2),
       ('Doing It Wrong', 5, 2),
       ('The Real Her (Ft. André 3000 & Lil Wayne)', 5, 2),
       ('Look What You\'ve Done', 5, 2),
       ('HYFR (Hell Ya Fucking Right) (Ft. Lil Wayne)', 5, 2),
       ('Practice', 5, 2),
       ('The Ride (Ft. The Weeknd)', 5, 2),
       ('The Motto (Ft. Lil Wayne)', 5, 2),
       ('Hate Sleeping Alone', 5, 2),
       ('The Motto (Remix) (Ft. Lil Wayne & Tyga)', 5, 2),

       ('Tuscan Leather', 6, 2),
       ('Furthest Thing', 6, 2),
       ('Started from the Bottom', 6, 2),
       ('Wu-Tang Forever', 6, 2),
       ('Own It', 6, 2),
       ('Worst Behavior', 6, 2),
       ('From Time (Ft. Jhené Aiko)', 6, 2),
       ('Hold On, We''re Going Home (Ft. Majid Jordan)', 6, 2),
       ('Connect', 6, 2),
       ('The Language', 6, 2),
       ('305 to My City (Ft. Detail)', 6, 2),
       ('Too Much', 6, 2),
       ('Pound Cake / Paris Morton Music 2 (Ft. JAY-Z)', 6, 2),
       ('Come Thru', 6, 2),
       ('All Me (Ft. 2 Chainz & Big Sean)', 6, 2),
       ('The Motion (Ft. Sampha)', 6, 2),

       ('Legend', 7, 2),
       ('Energy', 7, 2),
       ('10 Bands', 7, 2),
       ('Know Yourself', 7, 2),
       ('No Tellin\'', 7, 2),
       ('Madonna', 7, 2),
       ('6 God', 7, 2),
       ('Star67', 7, 2),
       ('Preach (Ft. PARTYNEXTDOOR)', 7, 2),
       ('Wednesday Night Interlude (Ft. PARTYNEXTDOOR)', 7, 2),
       ('Used To (Ft. Lil Wayne)', 7, 2),
       ('6 Man', 7, 2),
       ('Now & Forever', 7, 2),
       ('Company (Ft. Travis Scott)', 7, 2),
       ('You & The 6', 7, 2),
       ('Jungle', 7, 2),
       ('6PM in New York', 7, 2),
       ('How Bout Now', 7, 2),
       ('My Side', 7, 2),

       ('Keep the Family Close', 9, 2),
       ('9', 9, 2),
       ('U With Me?', 9, 2),
       ('Feel No Ways', 9, 2),
       ('Hype', 9, 2),
       ('Weston Road Flows', 9, 2),
       ('Redemption', 9, 2),
       ('With You (Ft. PARTYNEXTDOOR)', 9, 2),
       ('Faithful (Ft. dvsn & Pimp C)', 9, 2),
       ('Still Here', 9, 2),
       ('Controlla', 9, 2),
       ('One Dance (Ft. Kyla & Wizkid)', 9, 2),
       ('Grammys (Ft. Future)', 9, 2),
       ('Child''s Play', 9, 2),
       ('Pop Style', 9, 2),
       ('Too Good (Ft. Rihanna)', 9, 2),
       ('Summers Over Interlude (Ft. Majid Jordan)', 9, 2),
       ('Fire & Desire', 9, 2),
       ('Views', 9, 2),
       ('Hotline Bling', 9, 2),

       ('Digital Dash', 8, 2),
       ('Big Rings', 8, 2),
       ('Live from the Gutter', 8, 2),
       ('Diamonds Dancing', 8, 2),
       ('Scholarships', 8, 2),
       ('Plastic Bag', 8, 2),
       ('I\'m the Plug', 8, 2),
       ('Change Locations', 8, 2),
       ('Jumpman', 8, 2),
       ('Jersey', 8, 2),
       ('30 for 30', 8, 2),

       ('Free Smoke', 10, 2),
       ('No Long Talk (Ft. Giggs)', 10, 2),
       ('Passionfruit', 10, 2),
       ('Jorja Interlude (Ft. Jorja Smith)', 10, 2),
       ('Get It Together (Ft. Black Coffee & Jorja Smith)', 10, 2),
       ('Madiba Riddim', 10, 2),
       ('Blem', 10, 2),
       ('4422 (Ft. Sampha)', 10, 2),
       ('Gyalchester', 10, 2),
       ('Skepta Interlude (Ft. Skepta)', 10, 2),
       ('Portland (Ft. Quavo & Travis Scott)', 10, 2),
       ('Sacrifices (Ft. 2 Chainz & Young Thug)', 10, 2),
       ('Nothings Into Somethings', 10, 2),
       ('Teenage Fever', 10, 2),
       ('KMT (Ft. Giggs)', 10, 2),
       ('Lose You', 10, 2),
       ('Can\'t Have Everything', 10, 2),
       ('Glow (Ft. Kanye West)', 10, 2),
       ('Since Way Back (Ft. PARTYNEXTDOOR)', 10, 2),
       ('Fake Love', 10, 2),
       ('Ice Melts (Ft. Young Thug)', 10, 2),
       ('Do Not Disturb', 10, 2),

       ('Survival', 11, 2),
       ('Nonstop', 11, 2),
       ('Elevate', 11, 2),
       ('Emotionless', 11, 2),
       ('God\'s Plan', 11, 2),
       ('I\'m Upset', 11, 2),
       ('8 Out of 10', 11, 2),
       ('Mob Ties', 11, 2),
       ('Can’t Take a Joke', 11, 2),
       ('Sandra''s Rose', 11, 2),
       ('Talk Up (Ft. JAY-Z)', 11, 2),
       ('Is There More', 11, 2),
       ('Peak', 11, 2),
       ('Summer Games', 11, 2),
       ('Jaded', 11, 2),
       ('Nice For What', 11, 2),
       ('Finesse', 11, 2),
       ('Ratchet Happy Birthday', 11, 2),
       ('That\'s How You Feel', 11, 2),
       ('Blue Tint', 11, 2),
       ('In My Feelings', 11, 2),
       ('Don\'t Matter to Me (with Michael Jackson)', 11, 2),
       ('After Dark (Ft. Static Major & Ty Dolla $ign)', 11, 2),
       ('Final Fantasy', 11, 2),
       ('March 14', 11, 2),

       ('Dreams Money Can Buy', 12, 2),
       ('The Motion (Ft. Sampha)', 12, 2),
       ('How Bout Now', 12, 2),
       ('Trust Issues', 12, 2),
       ('Days in the East', 12, 2),
       ('Draft Day', 12, 2),
       ('4PM in Calabasas', 12, 2),
       ('5 AM in Toronto', 12, 2),
       ('I Get Lonely', 12, 2),
       ('My Side', 12, 2),
       ('Jodeci Freestyle (Ft. J. Cole)', 12, 2),
       ('Club Paradise', 12, 2),
       ('Free Spirit (Ft. Rick Ross)', 12, 2),
       ('Heat of the Moment', 12, 2),
       ('Girls Love Beyoncé (Ft. James Fauntleroy)', 12, 2),
       ('Paris Morton Music', 12, 2),
       ('Can I (Ft. Beyoncé)', 12, 2),

       ('Deep Pockets', 13, 2),
       ('When To Say When', 13, 2),
       ('Chicago Freestyle (Ft. GIVĒON)', 13, 2),
       ('Not You Too (Ft. Chris Brown)', 13, 2),
       ('Toosie Slide', 13, 2),
       ('Desires (Ft. Future)', 13, 2),
       ('Time Flies', 13, 2),
       ('Landed', 13, 2),
       ('D4L', 13, 2),
       ('Pain 1993 (Ft. Playboi Carti)', 13, 2),
       ('Losses', 13, 2),
       ('From Florida With Love', 13, 2),
       ('Demons (Ft. Fivio Foreign & Sosa Geek)', 13, 2),
       ('War', 13, 2),

       ('Champagne Poetry', 14, 2),
       ('Papi\'s Home', 14, 2),
       ('Girls Want Girls (Ft. Lil Baby)', 14, 2),
       ('In The Bible (Ft. GIVĒON & Lil Durk)', 14, 2),
       ('Love All (Ft. JAY-Z)', 14, 2),
       ('Fair Trade (Ft. Travis Scott)', 14, 2),
       ('Way 2 Sexy (Ft. Future & Young Thug)', 14, 2),
       ('TSU', 14, 2),
       ('N 2 Deep (Ft. Future)', 14, 2),
       ('Pipe Down', 14, 2),
       ('Yebba\'s Heartbreak', 14, 2),
       ('No Friends In The Industry', 14, 2),
       ('Knife Talk (Ft. 21 Savage & Project Pat)', 14, 2),
       ('7am on Bridle Path', 14, 2),
       ('Race My Mind', 14, 2),
       ('Fountains (Ft. Tems)', 14, 2),
       ('Get Along Better (Ft. Ty Dolla $ign)', 14, 2),
       ('You Only Live Twice (Ft. Lil Wayne & Rick Ross)', 14, 2),
       ('IMY2 (Ft. Kid Cudi)', 14, 2),
       ('Fucking Fans', 14, 2),
       ('The Remorse', 14, 2);

INSERT INTO songs(name, album_id, artist_id)
VALUES ('Intro', 15, 3),
       ('We Don\'t Care', 15, 3),
       ('Graduation Day', 15, 3),
       ('All Falls Down', 15, 3),
       ('I\'ll Fly Away', 15, 3),
       ('Spaceship', 15, 3),
       ('Jesus Walks', 15, 3),
       ('Never Let Me Down', 15, 3),
       ('Get Em High', 15, 3),
       ('Workout Plan', 15, 3),
       ('The New Workout Plan', 15, 3),
       ('Slow Jamz', 15, 3),
       ('Breathe In Breathe Out', 15, 3),
       ('School Spirit (Skit 1)', 15, 3),
       ('School Spirit', 15, 3),
       ('School Spirit (Skit 2)', 15, 3),
       ('Lil Jimmy (Skit)', 15, 3),
       ('Two Words', 15, 3),
       ('Through The Wire', 15, 3),
       ('Family Business', 15, 3),
       ('Last Call', 15, 3),

       ('Wake Up Mr. West', 16, 3),
       ('Heard ''Em Say (Ft. Adam Levine)', 16, 3),
       ('Touch the Sky (Ft. Lupe Fiasco)', 16, 3),
       ('Gold Digger (Ft. Jamie Foxx)', 16, 3),
       ('Skit #1', 16, 3),
       ('Drive Slow (Ft. GLC & Paul Wall)', 16, 3),
       ('My Way Home (Ft. Common)', 16, 3),
       ('Crack Music (Ft. The Game)', 16, 3),
       ('Roses', 16, 3),
       ('Bring Me Down (Ft. Brandy)', 16, 3),
       ('Addiction', 16, 3),
       ('Skit #2', 16, 3),
       ('Diamonds From Sierra Leone (Remix) (Ft. JAY-Z)', 16, 3),
       ('We Major (Ft. Nas & Really Doe)', 16, 3),
       ('Skit #3', 16, 3),
       ('Hey Mama', 16, 3),
       ('Celebration', 16, 3),
       ('Skit #4', 16, 3),
       ('Gone (Ft. Cam\'ron & Consequence)', 16, 3),
       ('Diamonds from Sierra Leone', 16, 3),
       ('Late', 16, 3),

       ('Good Morning', 17, 3),
       ('Champion', 17, 3),
       ('Stronger', 17, 3),
       ('I Wonder', 17, 3),
       ('Good Life (Ft. T-Pain)', 17, 3),
       ('Can''t Tell Me Nothing', 17, 3),
       ('Barry Bonds (Ft. Lil Wayne)', 17, 3),
       ('Drunk and Hot Girls (Ft. Yasiin Bey)', 17, 3),
       ('Flashing Lights (Ft. Dwele)', 17, 3),
       ('Everything I Am (Ft. DJ Premier)', 17, 3),
       ('The Glory', 17, 3),
       ('Homecoming (Ft. Chris Martin)', 17, 3),
       ('Big Brother', 17, 3),

       ('Say You Will', 18, 3),
       ('Welcome To Heartbreak (Ft. Kid Cudi)', 18, 3),
       ('Heartless', 18, 3),
       ('Amazing (Ft. Jeezy)', 18, 3),
       ('Love Lockdown', 18, 3),
       ('Paranoid (Ft. Mr. Hudson)', 18, 3),
       ('RoboCop', 18, 3),
       ('Street Lights', 18, 3),
       ('Bad News', 18, 3),
       ('See You in My Nightmares (Ft. Lil Wayne)', 18, 3),
       ('Coldest Winter', 18, 3),
       ('Pinocchio Story', 18, 3),

       ('Dark Fantasy', 19, 3),
       ('Gorgeous (Ft. Kid Cudi & Raekwon)', 19, 3),
       ('POWER', 19, 3),
       ('All of the Lights (Interlude)', 19, 3),
       ('All of the Lights', 19, 3),
       ('Monster (Ft. Bon Iver, JAY-Z, Nicki Minaj & Rick Ross)', 19, 3),
       ('So Appalled (Ft. CyHi The Prynce, JAY-Z, Pusha T, RZA & Swizz Beatz)', 19, 3),
       ('Devil in a New Dress (Ft. Rick Ross)', 19, 3),
       ('Runaway (Ft. Pusha T)', 19, 3),
       ('Hell of a Life', 19, 3),
       ('Blame Game (Ft. John Legend)', 19, 3),
       ('Lost in the World (Ft. Bon Iver)', 19, 3),
       ('Who Will Survive in America', 19, 3),

       ('No Church in the Wild (Ft. Frank Ocean & The-Dream)', 20, 3),
       ('Lift Off (Ft. Beyoncé)', 20, 3),
       ('Niggas in Paris', 20, 3),
       ('Otis (Ft. Otis Redding)', 20, 3),
       ('Gotta Have It', 20, 3),
       ('New Day', 20, 3),
       ('That\'s My Bitch', 20, 3),
       ('Welcome to the Jungle', 20, 3),
       ('Who Gon Stop Me', 20, 3),
       ('Murder to Excellence', 20, 3),
       ('Made in America (Ft. Frank Ocean)', 20, 3),
       ('Why I Love You (Ft. Mr. Hudson)', 20, 3),
       ('Illest Motherfucker Alive', 20, 3),
       ('H·A·M', 20, 3),
       ('Primetime', 20, 3),
       ('The Joy (Ft. Curtis Mayfield)', 20, 3),

       ('On Sight', 21, 3),
       ('Black Skinhead', 21, 3),
       ('I Am a God', 21, 3),
       ('New Slaves', 21, 3),
       ('Hold My Liquor', 21, 3),
       ('I\'m In It', 21, 3),
       ('Blood on the Leaves', 21, 3),
       ('Guilt Trip', 21, 3),
       ('Send It Up', 21, 3),
       ('Bound 2', 21, 3),


       ('Ultralight Beam (Ft. Chance the Rapper, Kelly Price, Kirk Franklin & The-Dream)', 22, 3),
       ('Father Stretch My Hands, Pt. 1 (Ft. Kid Cudi)', 22, 3),
       ('Pt. 2 (Ft. Desiigner)', 22, 3),
       ('Famous (Ft. Rihanna)', 22, 3),
       ('Feedback', 22, 3),
       ('Low Lights', 22, 3),
       ('Highlights (Ft. The-Dream & Young Thug)', 22, 3),
       ('Freestyle 4 (Ft. Desiigner)', 22, 3),
       ('I Love Kanye', 22, 3),
       ('Waves (Ft. Chris Brown)', 22, 3),
       ('FML (Ft. The Weeknd)', 22, 3),
       ('Real Friends (Ft. Ty Dolla $ign)', 22, 3),
       ('Wolves (Ft. Sia & VIC MENSA)', 22, 3),
       ('Frank''s Track (Ft. Frank Ocean)', 22, 3),
       ('Siiiiiiiiilver Surffffeeeeer Intermission (Ft. Max B)', 22, 3),
       ('30 Hours', 22, 3),
       ('No More Parties In LA (Ft. Kendrick Lamar)', 22, 3),
       ('Facts (Charlie Heat Version)', 22, 3),
       ('Fade (Ft. Post Malone & Ty Dolla $ign)', 22, 3),
       ('Saint Pablo (Ft. Sampha)', 22, 3),

       ('I Thought About Killing You', 23, 3),
       ('Yikes', 23, 3),
       ('All Mine', 23, 3),
       ('Wouldn\'t Leave (Ft. PARTYNEXTDOOR)', 23, 3),
       ('No Mistakes', 23, 3),
       ('Ghost Town (Ft. PARTYNEXTDOOR)', 23, 3),
       ('Violent Crimes', 23, 3),

       ('Feel the Love (Ft. Pusha T)', 24, 3),
       ('Fire', 24, 3),
       ('4th Dimension (Ft. Louis Prima)', 24, 3),
       ('Freeee (Ghost Town, Pt. 2) (Ft. Ty Dolla $ign)', 24, 3),
       ('Reborn', 24, 3),
       ('Kids See Ghosts (Ft. Yasiin Bey)', 24, 3),
       ('Cudi Montage', 24, 3),

       ('Every Hour (Ft. Sunday Service Choir)', 25, 3),
       ('Selah', 25, 3),
       ('Follow God', 25, 3),
       ('Closed on Sunday', 25, 3),
       ('On God', 25, 3),
       ('Everything We Need (Ft. Ant Clemons & Ty Dolla $ign)', 25, 3),
       ('Water (Ft. Ant Clemons)', 25, 3),
       ('God Is', 25, 3),
       ('Hands On (Ft. Fred Hammond)', 25, 3),
       ('Use This Gospel (Ft. Clipse & Kenny G)', 25, 3),
       ('Jesus Is Lord', 25, 3),


       ('Donda Chant (Ft. Syleena Johnson)', 26, 3),
       ('Jail (Ft. JAY-Z)', 26, 3),
       ('God Breathed (Ft. Vory)', 26, 3),
       ('Off The Grid (Ft. Fivio Foreign & Playboi Carti)', 26, 3),
       ('Hurricane by Kanye West & The Weeknd (Ft. Lil Baby)', 26, 3),
       ('Praise God (Ft. Baby Keem & Travis Scott)', 26, 3),
       ('Jonah (Ft. Lil Durk & Vory)', 26, 3),
       ('Ok Ok (Ft. Lil Yachty & Rooga)', 26, 3),
       ('Junya (Ft. Playboi Carti)', 26, 3),
       ('Believe What I Say', 26, 3),
       ('24', 26, 3),
       ('Remote Control (Ft. Young Thug)', 26, 3),
       ('Moon (Ft. Don Toliver & Kid Cudi)', 26, 3),
       ('Heaven and Hell', 26, 3),
       ('Donda (Ft. Stalone & The World Famous Tony Williams)', 26, 3),
       ('Keep My Spirit Alive (Ft. Conway the Machine & Westside Gunn)', 26, 3),
       ('Jesus Lord (Ft. Jay Electronica)', 26, 3),
       ('New Again', 26, 3),
       ('Tell The Vision (Ft. Pop Smoke)', 26, 3),
       ('Lord I Need You', 26, 3),
       ('Pure Souls (Ft. Roddy Ricch & Shenseea)', 26, 3),
       ('Come to Life', 26, 3),
       ('No Child Left Behind (Ft. Vory)', 26, 3),
       ('Jail pt 2 (Ft. DaBaby & Marilyn Manson)', 26, 3),
       ('Ok Ok pt 2 (Ft. Rooga & Shenseea)', 26, 3),
       ('Junya pt 2 (Ft. Playboi Carti & Ty Dolla $ign)', 26, 3),
       ('Jesus Lord pt 2 (Ft. Jay Electronica & The LOX)', 26, 3);

-- kendrick lamar
INSERT INTO songs(name, album_id, artist_id)
VALUES ('Growing Apart (To Get Closer) (Ft. Jhené Aiko)', 27, 4),
       ('Night of the Living Junkies', 27, 4),
       ('P&P 1.5 (Ft. Ab-Soul)', 27, 4),
       ('Alien Girl (Today With Her)', 27, 4),
       ('Opposites Attract (Tomorrow W/O Her) (Ft. JaVonté)', 27, 4),
       ('Michael Jordan (Ft. ScHoolboy Q)', 27, 4),
       ('R.O.T.C (Interlude) (Ft. BJ the Chicago Kid)', 27, 4),
       ('Barbed Wire (Ft. Ash Riser)', 27, 4),
       ('Average Joe', 27, 4),
       ('H.O.C.', 27, 4),
       ('Cut You Off (To Grow Closer)', 27, 4),
       ('She Needs Me (Remix) (Ft. Dom Kennedy, JaVonté & Murs)', 27, 4),

       ('Fuck Your Ethnicity', 28, 4),
       ('Hol\' Up', 28, 4),
       ('A.D.H.D', 28, 4),
       ('No Makeup (Her Vice) (Ft. Colin Munroe)', 28, 4),
       ('Tammy\'s Song (Her Evils)', 28, 4),
       ('Chapter Six', 28, 4),
       ('Ronald Reagan Era (His Evils) (Ft. RZA)', 28, 4),
       ('Poe Mans Dreams (His Vice) (Ft. GLC)', 28, 4),
       ('The Spiteful Chant (Ft. ScHoolboy Q)', 28, 4),
       ('Chapter Ten', 28, 4),
       ('Keisha\'s Song (Her Pain) (Ft. Ash Riser)', 28, 4),
       ('Rigamortis', 28, 4),
       ('Kush & Corinthians (His Pain) (Ft. BJ the Chicago Kid)', 28, 4),
       ('Blow My High (Members Only)', 28, 4),
       ('Ab-Soul\'s Outro (Ft. Ab-Soul)', 28, 4),
       ('HiiiPoWeR', 28, 4),

       ('Sherane a.k.a Master Splinter\'s Daughter', 29, 4),
       ('Bitch, Don\'t Kill My Vibe', 29, 4),
       ('Backseat Freestyle', 29, 4),
       ('The Art of Peer Pressure', 29, 4),
       ('Money Trees (Ft. Jay Rock)', 29, 4),
       ('Poetic Justice (Ft. Drake)', 29, 4),
       ('good kid', 29, 4),
       ('m.A.A.d city (Ft. MC Eiht)', 29, 4),
       ('Swimming Pools (Drank)', 29, 4),
       ('Sing About Me, I\'m Dying of Thirst', 29, 4),
       ('Real (Ft. Anna Wise)', 29, 4),
       ('Compton (Ft. Dr. Dre)', 29, 4),

       ('Wesley\'s Theory (Ft. George Clinton & Thundercat)', 30, 4),
       ('For Free? (Interlude)', 30, 4),
       ('King Kunta', 30, 4),
       ('Institutionalized (Ft. Anna Wise, Bilal & Snoop Dogg)', 30, 4),
       ('These Walls (Ft. Anna Wise, Bilal & Thundercat)', 30, 4),
       ('u', 30, 4),
       ('Alright', 30, 4),
       ('For Sale? (Interlude)', 30, 4),
       ('Momma', 30, 4),
       ('Hood Politics', 30, 4),
       ('How Much a Dollar Cost (Ft. James Fauntleroy & Ronald Isley)', 30, 4),
       ('Complexion (A Zulu Love) (Ft. Rapsody)', 30, 4),
       ('The Blacker the Berry', 30, 4),
       ('You Ain\'t Gotta Lie (Momma Said)', 30, 4),
       ('i', 30, 4),
       ('Mortal Man', 30, 4),


       ('untitled 01 | 08.19.2014.', 31, 4),
       ('untitled 02 | 06.23.2014.', 31, 4),
       ('untitled 03 | 05.28.2013.', 31, 4),
       ('untitled 04 | 08.14.2014.', 31, 4),
       ('untitled 05 | 09.21.2014.', 31, 4),
       ('untitled 06 | 06.30.2014.', 31, 4),
       ('untitled 07 | 2014-2016', 31, 4),
       ('untitled 08 | 09.06.2014.', 31, 4),

       ('BLOOD.', 32, 4),
       ('DNA.', 32, 4),
       ('YAH.', 32, 4),
       ('ELEMENT.', 32, 4),
       ('FEEL.', 32, 4),
       ('LOYALTY. (Ft. Rihanna)', 32, 4),
       ('PRIDE.', 32, 4),
       ('HUMBLE.', 32, 4),
       ('LUST.', 32, 4),
       ('LOVE. (Ft. Zacari)', 32, 4),
       ('XXX. (Ft. U2)', 32, 4),
       ('FEAR.', 32, 4),
       ('GOD.', 32, 4),
       ('DUCKWORTH.', 32, 4);

-- schoolboy q
INSERT INTO songs(name, album_id, artist_id)
VALUES ('Figg Get da Money', 33, 5),
       ('Kamikaze', 33, 5),
       ('LigHt Years AHead (Sky HigH) (Ft. Kendrick Lamar)', 33, 5),
       ('WHat\'s tHa Word (Ft. Ab-Soul & Jay Rock)', 33, 5),
       ('IBETiGOTSUMWEED', 33, 5),
       ('Druggy\'s wit Hoes (Ft. Ab-Soul)', 33, 5),
       ('Cycle', 33, 5),
       ('To tHa Beat (F\'d Up)', 33, 5),
       ('Crazy', 33, 5),
       ('PHenomenon (Ft. Alori Joh)', 33, 5),
       ('Situations', 33, 5),
       ('Fantasy (Ft. Jhené Aiko)', 33, 5),
       ('I\'m Good (Ft. BJ the Chicago Kid & Punch)', 33, 5),
       ('Birds & The Beez (Ft. Kendrick Lamar)', 33, 5),
       ('Rolling Stone (Ft. Black Hippy)', 33, 5),

       ('Sacrilegious', 34, 5),
       ('THere He Go', 34, 5),
       ('Hands on the Wheel (Ft. A$AP Rocky)', 34, 5),
       ('Sex Drive (Ft. Jhené Aiko)', 34, 5),
       ('Oxy Music', 34, 5),
       ('My Hatin'' Joint', 34, 5),
       ('Tookie Knows (Interlude)', 34, 5),
       ('Raymond 1969', 34, 5),
       ('Sexting', 34, 5),
       ('Groovline Pt. 1 (Ft. Curren$y & DOM KENNEDY)', 34, 5),
       ('Gangsta in Designer (No Concept)', 34, 5),
       ('How We Feeling', 34, 5),
       ('Druggys wit Hoes Again (Ft. Ab-Soul)', 34, 5),
       ('NigHtmare On Figg St.', 34, 5),
       ('My Homie', 34, 5),
       ('NiggaHs.Already.Know.Davers.Flow', 34, 5),
       ('2 Raw (Ft. Jay Rock)', 34, 5),

       ('Gangsta', 35, 5),
       ('Los Awesome (Ft. Jay Rock)', 35, 5),
       ('Collard Greens (Ft. Kendrick Lamar)', 35, 5),
       ('WHat THey Want (Ft. 2 Chainz)', 35, 5),
       ('Hoover Street', 35, 5),
       ('Studio (Ft. BJ the Chicago Kid)', 35, 5),
       ('Prescription / Oxymoron', 35, 5),
       ('The Purge (Ft. Kurupt & Tyler, The Creator)', 35, 5),
       ('Blind Threats (Ft. Raekwon)', 35, 5),
       ('Hell of a Night', 35, 5),
       ('Break the Bank', 35, 5),
       ('Man of tHe Year', 35, 5),
       ('His & Her Fiend (Ft. Lance Skiiiwalker & SZA)', 35, 5),
       ('Grooveline Pt. 2 (Ft. Suga Free & SZA)', 35, 5),
       ('Fuck LA', 35, 5),


       ('TorcH (Ft. Anderson .Paak)', 36, 5),
       ('Lord Have Mercy', 36, 5),
       ('THat Part (Ft. Kanye West)', 36, 5),
       ('Groovy Tony / Eddie Kane (Ft. Jadakiss)', 36, 5),
       ('Kno Ya Wrong (Ft. Lance Skiiiwalker)', 36, 5),
       ('Ride Out (Ft. Vince Staples)', 36, 5),
       ('WHateva U Want (Ft. Candice Pillay)', 36, 5),
       ('By Any Means', 36, 5),
       ('Dope Dealer (Ft. E-40)', 36, 5),
       ('JoHn Muir', 36, 5),
       ('Big Body (Ft. Tha Dogg Pound)', 36, 5),
       ('Neva CHange (Ft. SZA)', 36, 5),
       ('Str8 Ballin (Ft. Jesse Rankins)', 36, 5),
       ('Black THougHts', 36, 5),
       ('Blank Face (Ft. Anderson .Paak)', 36, 5),
       ('Overtime (Ft. Justine Skye & Miguel)', 36, 5),
       ('Tookie Knows II (Ft. TF & Traffic)', 36, 5),

       ('Gang Gang', 37, 5),
       ('Tales', 37, 5),
       ('CHopstix (Ft. Travis Scott)', 37, 5),
       ('Numb Numb Juice', 37, 5),
       ('Drunk (Ft. 6LACK)', 37, 5),
       ('Lies (Ft. Ty Dolla $ign & YG)', 37, 5),
       ('5200', 37, 5),
       ('Black Folk', 37, 5),
       ('Floating (Ft. 21 Savage)', 37, 5),
       ('Dangerous (Ft. Kid Cudi)', 37, 5),
       ('Die Wit Em', 37, 5),
       ('CrasH', 37, 5),
       ('Water (Ft. Lil Baby)', 37, 5),
       ('Attention', 37, 5);

-- travis scott
INSERT INTO songs(name, album_id, artist_id)
VALUES ('Pornography', 38, 6),
       ('Oh My Dis Side (Ft. Quavo)', 38, 6),
       ('3500 (Ft. 2 Chainz & Future)', 38, 6),
       ('Wasted (Ft. Juicy J)', 38, 6),
       ('90210 (Ft. Kacy Hill)', 38, 6),
       ('Pray 4 Love (Ft. The Weeknd)', 38, 6),
       ('Nightcrawler (Ft. Chief Keef & Swae Lee)', 38, 6),
       ('Piss on Your Grave (Ft. Kanye West)', 38, 6),
       ('Antidote', 38, 6),
       ('Impossible', 38, 6),
       ('Maria I\'m Drunk (Ft. Justin Bieber & Young Thug)', 38, 6),
       ('Flying High (Ft. Toro y Moi)', 38, 6),
       ('I Can Tell', 38, 6),
       ('Apple Pie', 38, 6),
       ('Ok Alright (feat. ScHoolboy Q)', 38, 6),
       ('Never Catch Me', 38, 6),

       ('the ends (Ft. André 3000)', 39, 6),
       ('way back', 39, 6),
       ('coordinate (Ft. Blac Youngsta)', 39, 6),
       ('through the late night (Ft. Kid Cudi)', 39, 6),
       ('beibs in the trap (Ft. NAV)', 39, 6),
       ('sdp interlude', 39, 6),
       ('sweet sweet', 39, 6),
       ('outside (Ft. 21 Savage)', 39, 6),
       ('goosebumps (Ft. Kendrick Lamar)', 39, 6),
       ('first take (Ft. Bryson Tiller)', 39, 6),
       ('pick up the phone (Ft. Quavo & Young Thug)', 39, 6),
       ('lose', 39, 6),
       ('guidance', 39, 6),
       ('wonderful (Ft. The Weeknd)', 39, 6),

       ('Modern Slavery', 40, 6),
       ('Black & Chinese', 40, 6),
       ('Eye 2 Eye (Ft. Takeoff)', 40, 6),
       ('Motorcycle Patches', 40, 6),
       ('Huncho Jack', 40, 6),
       ('Saint', 40, 6),
       ('Go', 40, 6),
       ('Dubai Shit (Ft. Offset)', 40, 6),
       ('Saint Laurent Mask', 40, 6),
       ('Moon Rock', 40, 6),
       ('How U Feel', 40, 6),
       ('Where U From', 40, 6),
       ('Best Man', 40, 6),

       ('STARGAZING', 41, 6),
       ('CAROUSEL (Ft. Frank Ocean)', 41, 6),
       ('SICKO MODE (Ft. Drake)', 41, 6),
       ('R.I.P. SCREW (Ft. Swae Lee)', 41, 6),
       ('STOP TRYING TO BE GOD (Ft. James Blake, Kid Cudi, Philip Bailey & Stevie Wonder)', 41, 6),
       ('NO BYSTANDERS (Ft. Juice WRLD & Sheck Wes)', 41, 6),
       ('SKELETONS (Ft. Pharrell Williams, Tame Impala & The Weeknd)', 41, 6),
       ('WAKE UP (Ft. The Weeknd)', 41, 6),
       ('5% TINT', 41, 6),
       ('NC-17 (Ft. 21 Savage)', 41, 6),
       ('ASTROTHUNDER', 41, 6),
       ('YOSEMITE (Ft. Gunna & NAV)', 41, 6),
       ('CAN\'T SAY (Ft. Don Toliver)', 41, 6),
       ('WHO? WHAT! (Ft. Quavo & Takeoff)', 41, 6),
       ('BUTTERFLY EFFECT', 41, 6),
       ('HOUSTONFORNICATION', 41, 6),
       ('COFFEE BEAN', 41, 6),
       ('BUTTERFLY EFFECT', 41, 6),

       ('HIGHEST IN THE ROOM (REMIX) by Travis Scott (Ft. Lil Baby & ROSALÍA)', 42, 6),
       ('JACKBOYS', 42, 6),
       ('GANG GANG', 42, 6),
       ('Had Enough (Ft. Offset & Quavo)', 42, 6),
       ('OUT WEST (Ft. Young Thug)', 42, 6),
       ('WHAT TO DO? (Ft. Don Toliver)', 42, 6),
       ('GATTI (Ft. Pop Smoke)', 42, 6);

-- aaliyah
INSERT INTO songs(name, album_id, artist_id)
VALUES ('Intro', 43, 7),
       ('Throw Your Hands Up', 43, 7),
       ('Back & Forth', 43, 7),
       ('Age Ain''t Nothing But a Number', 43, 7),
       ('Down with the Clique', 43, 7),
       ('At Your Best (You Are Love)', 43, 7),
       ('No One Knows How to Love Me Quite Like You Do', 43, 7),
       ('I\'m So Into You', 43, 7),
       ('Street Thing', 43, 7),
       ('Young Nation', 43, 7),
       ('Old School', 43, 7),
       ('I\'m Down', 43, 7),
       ('The Thing I Like', 43, 7),
       ('Back & Forth (Mr. Lee & R. Kelly\'s Remix)', 43, 7),

       ('Beats 4 Da Streets (Intro)', 44, 7),
       ('Hot Like Fire', 44, 7),
       ('One In A Million', 44, 7),
       ('A Girl Like You (Ft. Treach)', 44, 7),
       ('If Your Girl Only Knew', 44, 7),
       ('Choosey Lover (Old School / New School)', 44, 7),
       ('Got to Give It Up (Ft. Slick Rick)', 44, 7),
       ('4 Page Letter', 44, 7),
       ('Everything\'s Gonna Be Alright', 44, 7),
       ('Giving You More', 44, 7),
       ('I Gotcha\' Back', 44, 7),
       ('Never Givin'' Up (Ft. Tavarius Polk)', 44, 7),
       ('Heartbroken', 44, 7),
       ('Never Comin'' Back', 44, 7),
       ('Ladies In Da House (Ft. Missy Elliott & Timbaland)', 44, 7),
       ('The One I Gave My Heart To', 44, 7),
       ('Came To Give Love (Outro) (Ft. Timbaland)', 44, 7),

       ('We Need A Resolution (Ft. Timbaland)', 45, 7),
       ('Loose Rap (Ft. Static Major)', 45, 7),
       ('Rock The Boat', 45, 7),
       ('More Than A Woman', 45, 7),
       ('Never No More', 45, 7),
       ('I Care 4 U', 45, 7),
       ('Extra Smooth', 45, 7),
       ('Read Between The Lines', 45, 7),
       ('U Got Nerve', 45, 7),
       ('I Refuse', 45, 7),
       ('It\'s Whatever', 45, 7),
       ('I Can Be', 45, 7),
       ('Those Were The Days', 45, 7),
       ('What If', 45, 7),
       ('Messed Up', 45, 7),
       ('Try Again', 45, 7),


       ('Back & Forth', 46, 7),
       ('Are You That Somebody?', 46, 7),
       ('One In A Million', 46, 7),
       ('I Care 4 U', 46, 7),
       ('More Than A Woman', 46, 7),
       ('Don\'t Know What to Tell Ya', 46, 7),
       ('Try Again', 46, 7),
       ('All I Need', 46, 7),
       ('Miss You', 46, 7),
       ('Don\'t Worry', 46, 7),
       ('Come Over (Ft. Tank)', 46, 7),
       ('Erica Kane', 46, 7),
       ('At Your Best (You Are Love)', 46, 7),
       ('Got to Give It Up (Remix)', 46, 7),
       ('If Your Girl Only Knew', 46, 7),
       ('We Need A Resolution (Ft. Timbaland)', 46, 7),
       ('Rock The Boat', 46, 7);

INSERT INTO songs(name, album_id, artist_id)
VALUES
       ('Ben', 47, 8),
       ('The Greatest Show On Earth', 47, 8),
       ('People Make The World Go ''Round', 47, 8),
       ('We''ve Got A Good Thing Going', 47, 8),
       ('Everybody''s Somebody''s Fool', 47, 8),
       ('My Girl', 47, 8),
       ('What Goes Around Comes Around', 47, 8),
       ('In Our Small Way', 47, 8),
       ('Shoo-Be-Doo-Be-Doo-Da-Day', 47, 8),
       ('You Can Cry On My Shoulder', 47, 8),

       ('Ain''t No Sunshine', 48, 8),
       ('I Wanna Be Where You Are', 48, 8),
       ('Girl Don''t Take Your Love From Me', 48, 8),
       ('In Our Small Way', 48, 8),
       ('Got to Be There', 48, 8),
       ('Rockin'' Robin', 48, 8),
       ('Wings Of My Love', 48, 8),
       ('Maria (You Were The Only One)', 48, 8),
       ('Love Is Here and Now You''re Gone', 48, 8),
       ('You''ve Got A Friend', 48, 8),

       ('With A Child''s Heart', 49, 8),
       ('Up Again', 49, 8),
       ('All the Things You Are', 49, 8),
       ('Happy (Love Theme From ”Lady Sings The Blues”)', 49, 8),
       ('Too Young', 49, 8),
       ('Doggin'' Around', 49, 8),
       ('Euphoria', 49, 8),
       ('Morning Glow', 49, 8),
       ('Johnny Raven', 49, 8),
       ('Music And Me', 49, 8),

       ('We''re Almost There', 50, 8),
       ('Take Me Back', 50, 8),
       ('One Day In Your Life', 50, 8),
       ('Cinderella Stay Awhile', 50, 8),
       ('We''ve Got Forever', 50, 8),
       ('Just a Little Bit of You', 50, 8),
       ('You Are There', 50, 8),
       ('Dapper Dan', 50, 8),
       ('Dear Michael', 50, 8),
       ('I''ll Come Home to You', 50, 8),

       ('Don''t Stop ''Til You Get Enough', 51, 8),
       ('Rock with You', 51, 8),
       ('Workin'' Day and Night', 51, 8),
       ('Get on the Floor', 51, 8),
       ('Off the Wall', 51, 8),
       ('Girlfriend', 51, 8),
       ('She’s Out of My Life', 51, 8),
       ('I Can''t Help It', 51, 8),
       ('It''s the Falling in Love (Ft. Patti Austin)', 51, 8),
       ('Burn This Disco Out', 51, 8),

       ('Wanna Be Startin'' Somethin''', 52, 8),
       ('Baby Be Mine', 52, 8),
       ('The Girl Is Mine (Ft. Paul McCartney)', 52, 8),
       ('Thriller', 52, 8),
       ('Beat It', 52, 8),
       ('Billie Jean', 52, 8),
       ('Human Nature', 52, 8),
       ('P.Y.T. (Pretty Young Thing)', 52, 8),
       ('The Lady in My Life', 52, 8),

       ('Bad', 53, 8),
       ('The Way You Make Me Feel', 53, 8),
       ('Speed Demon', 53, 8),
       ('Liberian Girl', 53, 8),
       ('Just Good Friends (Ft. Stevie Wonder)', 53, 8),
       ('Another Part of Me', 53, 8),
       ('Man in the Mirror', 53, 8),
       ('I Just Can''t Stop Loving You (Ft. Siedah Garrett)', 53, 8),
       ('Dirty Diana', 53, 8),
       ('Smooth Criminal', 53, 8),
       ('Leave Me Alone', 53, 8),

       ('Jam (Ft. Heavy D)', 54, 8),
       ('Why You Wanna Trip on Me', 54, 8),
       ('In the Closet', 54, 8),
       ('She Drives Me Wild (Ft. Aqil Davidson)', 54, 8),
       ('Remember the Time', 54, 8),
       ('Can''t Let Her Get Away', 54, 8),
       ('Heal the World', 54, 8),
       ('Black or White (Ft. L.T.B.)', 54, 8),
       ('Who Is It', 54, 8),
       ('Give In to Me (Ft. Slash)', 54, 8),
       ('Will You Be There (Ft. Cleveland Orchestra)', 54, 8),
       ('Keep the Faith (Ft. Andraé Crouch & Sandra Crouch)', 54, 8),
       ('Gone Too Soon', 54, 8),
       ('Dangerous', 54, 8),

       ('Billie Jean', 55, 8),
       ('The Way You Make Me Feel', 55, 8),
       ('Black or White (Ft. L.T.B.)', 55, 8),
       ('Rock with You', 55, 8),
       ('She’s Out of My Life', 55, 8),
       ('Bad', 55, 8),
       ('I Just Can''t Stop Loving You (Ft. Siedah Garrett)', 55, 8),
       ('Man in the Mirror', 55, 8),
       ('Thriller', 55, 8),
       ('Beat It', 55, 8),
       ('The Girl Is Mine (Ft. Paul McCartney)', 55, 8),
       ('Remember the Time', 55, 8),
       ('Don''t Stop ''Til You Get Enough', 55, 8),
       ('Wanna Be Startin'' Somethin''', 55, 8),
       ('Heal the World', 55, 8),
       ('Scream (Ft. Janet Jackson)', 55, 8),
       ('They Don''t Care About Us', 55, 8),
       ('Stranger in Moscow', 55, 8),
       ('This Time Around (Ft. The Notorious B.I.G.)', 55, 8),
       ('Earth Song', 55, 8),
       ('D.S. (Ft. Slash)', 55, 8),
       ('Money', 55, 8),
       ('Come Together', 55, 8),
       ('You Are Not Alone', 55, 8),
       ('Childhood', 55, 8),
       ('Tabloid Junkie', 55, 8),
       ('2 Bad (Ft. Shaquille O''Neal)', 55, 8),
       ('HIStory', 55, 8),
       ('Little Susie / Pie Jesu', 55, 8),
       ('Smile', 55, 8),

       ('Unbreakable (Ft. The Notorious B.I.G.)', 56, 8),
       ('Heartbreaker (Ft. Fats)', 56, 8),
       ('Invincible (Ft. Fats)', 56, 8),
       ('Break of Dawn', 56, 8),
       ('Heaven Can Wait', 56, 8),
       ('You Rock My World', 56, 8),
       ('Butterflies (Ft. Marsha Ambrosius)', 56, 8),
       ('Speechless', 56, 8),
       ('2000 Watts', 56, 8),
       ('You Are My Life (Ft. Babyface)', 56, 8),
       ('Privacy (Ft. Slash)', 56, 8),
       ('Don''t Walk Away', 56, 8),
       ('Cry (Ft. Andraé Crouch & Sandra Crouch)', 56, 8),
       ('The Lost Children', 56, 8),
       ('Whatever Happens (Ft. Carlos Santana)', 56, 8),
       ('Threatened', 56, 8),


       ('High for This', 57, 9),
       ('What You Need', 57, 9),
       ('House of Balloons / Glass Table Girls', 57, 9),
       ('The Morning', 57, 9),
       ('Wicked Games', 57, 9),
       ('The Party & The After Party', 57, 9),
       ('Coming Down', 57, 9),
       ('Loft Music', 57, 9),
       ('The Knowing', 57, 9),
       ('Twenty Eight', 57, 9),
       ('Lonely Star', 57, 9),
       ('Life of the Party', 57, 9),
       ('Thursday', 57, 9),
       ('The Zone (Ft. Drake)', 57, 9),
       ('The Birds Pt. 1', 57, 9),
       ('The Birds Pt. 2', 57, 9),
       ('Gone', 57, 9),
       ('Rolling Stone', 57, 9),
       ('Heaven or Las Vegas', 57, 9),
       ('Valerie', 57, 9),
       ('D.D.', 57, 9),
       ('Montreal', 57, 9),
       ('Outside', 57, 9),
       ('XO / The Host', 57, 9),
       ('Initiation', 57, 9),
       ('Same Old Song', 57, 9),
       ('The Fall', 57, 9),
       ('Next', 57, 9),
       ('Echoes of Silence', 57, 9),
       ('Till Dawn (Here Comes The Sun)', 57, 9),

       ('Professional', 58, 9),
       ('The Town', 58, 9),
       ('Adaptation', 58, 9),
       ('Love In The Sky', 58, 9),
       ('Belong To the World', 58, 9),
       ('Live For (Ft. Drake)', 58, 9),
       ('Wanderlust', 58, 9),
       ('Kiss Land', 58, 9),
       ('Pretty', 58, 9),
       ('Tears in the Rain', 58, 9),

       ('Real Life', 59, 9),
       ('Losers (Ft. Labrinth)', 59, 9),
       ('Tell Your Friends', 59, 9),
       ('Often', 59, 9),
       ('The Hills', 59, 9),
       ('Acquainted', 59, 9),
       ('Can''t Feel My Face', 59, 9),
       ('Shameless', 59, 9),
       ('Earned It', 59, 9),
       ('In the Night', 59, 9),
       ('As You Are', 59, 9),
       ('Dark Times (Ft. Ed Sheeran)', 59, 9),
       ('Prisoner (Ft. Lana Del Rey)', 59, 9),
       ('Angel', 59, 9),

       ('Starboy (Ft. Daft Punk)', 60, 9),
       ('Party Monster', 60, 9),
       ('False Alarm', 60, 9),
       ('Reminder', 60, 9),
       ('Rockin''', 60, 9),
       ('Secrets', 60, 9),
       ('True Colors', 60, 9),
       ('Stargirl Interlude (Ft. Lana Del Rey)', 60, 9),
       ('Sidewalks (Ft. Kendrick Lamar)', 60, 9),
       ('Six Feet Under', 60, 9),
       ('Love to Lay', 60, 9),
       ('A Lonely Night', 60, 9),
       ('Attention', 60, 9),
       ('Ordinary Life', 60, 9),
       ('Nothing Without You', 60, 9),
       ('All I Know (Ft. Future)', 60, 9),
       ('Die for You', 60, 9),
       ('I Feel It Coming (Ft. Daft Punk)', 60, 9),

       ('Alone Again', 61, 9),
       ('Too Late', 61, 9),
       ('Hardest to Love', 61, 9),
       ('Scared To Live', 61, 9),
       ('Snowchild', 61, 9),
       ('Escape From LA', 61, 9),
       ('Heartless', 61, 9),
       ('Faith', 61, 9),
       ('Blinding Lights', 61, 9),
       ('In Your Eyes', 61, 9),
       ('Save Your Tears', 61, 9),
       ('Repeat After Me (Interlude)', 61, 9),
       ('After Hours', 61, 9),
       ('Until I Bleed Out', 61, 9),


       ('Hit the Lights', 62, 10),
       ('The Four Horsemen', 62, 10),
       ('Motorbreath', 62, 10),
       ('Jump in the Fire', 62, 10),
       ('(Anesthesia)—Pulling Teeth', 62, 10),
       ('Whiplash', 62, 10),
       ('Phantom Lord', 62, 10),
       ('No Remorse', 62, 10),
       ('Seek & Destroy', 62, 10),
       ('Metal Militia', 62, 10),

       ('Fight Fire with Fire', 63, 10),
       ('Ride the Lightning', 63, 10),
       ('For Whom the Bell Tolls', 63, 10),
       ('Fade to Black', 63, 10),
       ('Trapped Under Ice', 63, 10),
       ('Escape', 63, 10),
       ('Creeping Death', 63, 10),
       ('The Call of Ktulu', 63, 10),

       ('Battery', 64, 10),
       ('Master of Puppets', 64, 10),
       ('The Thing That Should Not Be', 64, 10),
       ('Welcome Home (Sanitarium)', 64, 10),
       ('Disposable Heroes', 64, 10),
       ('Leper Messiah', 64, 10),
       ('Orion', 64, 10),
       ('Damage, Inc.', 64, 10),

       ('Blackened', 65, 10),
       ('...And Justice for All', 65, 10),
       ('Eye of the Beholder', 65, 10),
       ('One', 65, 10),
       ('The Shortest Straw', 65, 10),
       ('Harvester of Sorrow', 65, 10),
       ('The Frayed Ends of Sanity', 65, 10),
       ('To Live Is to Die', 65, 10),
       ('Dyers Eve', 65, 10),

       ('Enter Sandman', 66, 10),
       ('Sad But True', 66, 10),
       ('Holier Than Thou', 66, 10),
       ('The Unforgiven', 66, 10),
       ('Wherever I May Roam', 66, 10),
       ('Don''t Tread on Me', 66, 10),
       ('Through the Never', 66, 10),
       ('Nothing Else Matters', 66, 10),
       ('Of Wolf and Man', 66, 10),
       ('The God That Failed', 66, 10),
       ('My Friend of Misery', 66, 10),
       ('The Struggle Within', 66, 10),

       ('Ain''t My Bitch', 67, 10),
       ('2 X 4', 67, 10),
       ('The House Jack Built', 67, 10),
       ('Until It Sleeps', 67, 10),
       ('King Nothing', 67, 10),
       ('Hero of the Day', 67, 10),
       ('Bleeding Me', 67, 10),
       ('Cure', 67, 10),
       ('Poor Twisted Me', 67, 10),
       ('Wasting My Hate', 67, 10),
       ('Mama Said', 67, 10),
       ('Thorn Within', 67, 10),
       ('Ronnie', 67, 10),
       ('The Outlaw Torn', 67, 10),

       ('Fuel', 68, 10),
       ('The Memory Remains', 68, 10),
       ('Devil''s Dance', 68, 10),
       ('The Unforgiven II', 68, 10),
       ('Better Than You', 68, 10),
       ('Slither', 68, 10),
       ('Carpe Diem Baby', 68, 10),
       ('Bad Seed', 68, 10),
       ('Where the Wild Things Are', 68, 10),
       ('Prince Charming', 68, 10),
       ('Low Man''s Lyric', 68, 10),
       ('Attitude', 68, 10),
       ('Fixxxer', 68, 10),

       ('Frantic', 69, 10),
       ('St. Anger', 69, 10),
       ('Some Kind of Monster', 69, 10),
       ('Dirty Window', 69, 10),
       ('Invisible Kid', 69, 10),
       ('My World', 69, 10),
       ('Shoot Me Again', 69, 10),
       ('Sweet Amber', 69, 10),
       ('The Unnamed Feeling', 69, 10),
       ('Purify', 69, 10),
       ('All Within My Hands', 69, 10),

       ('That Was Just Your Life', 70, 10),
       ('The End of the Line', 70, 10),
       ('Broken, Beat & Scarred', 70, 10),
       ('The Day That Never Comes', 70, 10),
       ('All Nightmare Long', 70, 10),
       ('Cyanide', 70, 10),
       ('The Unforgiven III', 70, 10),
       ('The Judas Kiss', 70, 10),
       ('Suicide & Redemption', 70, 10),
       ('My Apocalypse', 70, 10),

       ('Hardwired', 71, 10),
       ('Atlas, Rise!', 71, 10),
       ('Now That We''re Dead', 71, 10),
       ('Moth Into Flame', 71, 10),
       ('Dream No More', 71, 10),
       ('Halo on Fire', 71, 10),
       ('Confusion', 71, 10),
       ('ManUNkind', 71, 10),
       ('Here Comes Revenge', 71, 10),
       ('Am I Savage?', 71, 10),
       ('Murder One', 71, 10),
       ('Spit Out the Bone', 71, 10),


       ('Pon de Replay', 72, 11),
       ('Here I Go Again (Ft. J-Status)', 72, 11),
       ('If It''s Lovin'' That You Want', 72, 11),
       ('You Don''t Love Me (No, No, No) (Ft. Vybz Kartel)', 72, 11),
       ('That La, La, La', 72, 11),
       ('The Last Time', 72, 11),
       ('Willing to Wait', 72, 11),
       ('Music of the Sun', 72, 11),
       ('Let Me', 72, 11),
       ('Rush (Ft. Kardinal Offishall)', 72, 11),
       ('There''s a Thug In My Life (Ft. J-Status)', 72, 11),
       ('Now I Know', 72, 11),
       ('Pon de Replay (Remix) (Ft. Elephant Man)', 72, 11),

       ('SOS', 73, 11),
       ('Kisses Don''t Lie', 73, 11),
       ('Unfaithful', 73, 11),
       ('We Ride', 73, 11),
       ('Dem Haters (Ft. Dwane Husbands)', 73, 11),
       ('Final Goodbye', 73, 11),
       ('Break It Off (Ft. Sean Paul)', 73, 11),
       ('Crazy Little Thing Called Love (Ft. J-Status)', 73, 11),
       ('Selfish Girl', 73, 11),
       ('P.S. (I''m Still Not Over You)', 73, 11),
       ('A Girl Like Me', 73, 11),
       ('A Million Miles Away', 73, 11),
       ('If It''s Lovin'' That You Want, Pt. 2 (Ft. Cory Gunz)', 73, 11),
       ('Pon de Replay (Full Phatt Remix)', 73, 11),

       ('Umbrella (Ft. JAY-Z)', 74, 11),
       ('Push Up on Me', 74, 11),
       ('Don''t Stop the Music', 74, 11),
       ('Breakin'' Dishes', 74, 11),
       ('Shut Up and Drive', 74, 11),
       ('Hate That I Love You (Ft. Ne-Yo)', 74, 11),
       ('Say It', 74, 11),
       ('Sell Me Candy', 74, 11),
       ('Lemme Get That', 74, 11),
       ('Rehab (Ft. Justin Timberlake)', 74, 11),
       ('Question Existing', 74, 11),
       ('Good Girl Gone Bad', 74, 11),
       ('Disturbia', 74, 11),
       ('Take a Bow', 74, 11),
       ('If I Never See Your Face Again (Remix) (Ft. Maroon 5)', 74, 11),

       ('Mad House', 75, 11),
       ('Wait Your Turn', 75, 11),
       ('Hard (Ft. Jeezy)', 75, 11),
       ('Stupid In Love', 75, 11),
       ('ROCKSTAR 101 (Ft. Slash)', 75, 11),
       ('Russian Roulette', 75, 11),
       ('Fire Bomb', 75, 11),
       ('Rude Boy', 75, 11),
       ('Photographs (Ft. will.i.am)', 75, 11),
       ('G4L', 75, 11),
       ('Te Amo', 75, 11),
       ('Cold Case Love', 75, 11),
       ('The Last Song', 75, 11),

       ('S&M', 76, 11),
       ('What''s My Name? (Ft. Drake)', 76, 11),
       ('Cheers (Drink to That)', 76, 11),
       ('Fading', 76, 11),
       ('Only Girl (In the World)', 76, 11),
       ('California King Bed', 76, 11),
       ('Man Down', 76, 11),
       ('Raining Men (Ft. Nicki Minaj)', 76, 11),
       ('Complicated', 76, 11),
       ('Skin', 76, 11),
       ('Love the Way You Lie, Pt. II (Ft. Eminem)', 76, 11),

       ('You Da One', 77, 11),
       ('Where Have You Been', 77, 11),
       ('We Found Love (Ft. Calvin Harris)', 77, 11),
       ('Talk That Talk (Ft. JAY-Z)', 77, 11),
       ('Cockiness (Love It)', 77, 11),
       ('Birthday Cake', 77, 11),
       ('We All Want Love', 77, 11),
       ('Drunk on Love', 77, 11),
       ('Roc Me Out', 77, 11),
       ('Watch n'' Learn', 77, 11),
       ('Farewell', 77, 11),

       ('Phresh Out the Runway', 78, 11),
       ('Diamonds', 78, 11),
       ('Numb (Ft. Eminem)', 78, 11),
       ('Pour It Up', 78, 11),
       ('Loveeeeeee Song (Ft. Future)', 78, 11),
       ('Jump (Ft. Kevin Cossom)', 78, 11),
       ('Right Now (Ft. David Guetta)', 78, 11),
       ('What Now', 78, 11),
       ('Stay (Ft. Mikky Ekko)', 78, 11),
       ('Nobody''s Business (Ft. Chris Brown)', 78, 11),
       ('Love Without Tragedy / Mother Mary', 78, 11),
       ('Get It Over With', 78, 11),
       ('No Love Allowed', 78, 11),
       ('Lost in Paradise', 78, 11),
       ('Half of Me', 78, 11),

       ('Consideration (Ft. SZA)', 79, 11),
       ('James Joint', 79, 11),
       ('Kiss It Better', 79, 11),
       ('Work (Ft. Drake)', 79, 11),
       ('Desperado', 79, 11),
       ('Woo', 79, 11),
       ('Needed Me', 79, 11),
       ('Yeah, I Said It', 79, 11),
       ('Same Ol'' Mistakes', 79, 11),
       ('Never Ending', 79, 11),
       ('Love on the Brain', 79, 11),
       ('Higher', 79, 11),
       ('Close to You', 79, 11),
       ('Goodnight Gotham', 79, 11),
       ('Pose', 79, 11),
       ('Sex with Me', 79, 11),


       ('Magik Journey', 80, 12),
       ('Close to You (Ft. Jan Johnston)', 80, 12),
       ('Dallas 4 PM', 80, 12),
       ('In My Memory (Ft. Nicola Hitchcock)', 80, 12),
       ('Obsession by Tiësto & Junkie XL', 80, 12),
       ('Battleship Grey (Ft. Kirsty Hawkshaw)', 80, 12),
       ('Flight 643', 80, 12),
       ('Lethal Industry', 80, 12),
       ('Suburban Train', 80, 12),
       ('643 (Love’s on Fire) (Ft. Suzanne Palmer)', 80, 12),
       ('Urban Train - Cosmic Gate Remix', 80, 12),
       ('In My Memory - Airwave Instrumental', 80, 12),

       ('Forever Today', 81, 12),
       ('Love Comes Again (Ft. BT)', 81, 12),
       ('Traffic', 81, 12),
       ('Sweet Misery (Ft. Jo Lloyd)', 81, 12),
       ('Nyana', 81, 12),
       ('UR (Ft. Aqualung)', 81, 12),
       ('Walking On Clouds (Ft. Kirsty Hawkshaw)', 81, 12),
       ('A Tear in the Open', 81, 12),
       ('Just Be (Ft. Kirsty Hawkshaw)', 81, 12),
       ('Adagio For Strings', 81, 12),

       ('Ten Seconds Before Sunrise', 82, 12),
       ('Everything (Ft. JES)', 82, 12),
       ('Do You Feel Me (Ft. Julie Thompson)', 82, 12),
       ('Carpe Noctum', 82, 12),
       ('Driving to Heaven', 82, 12),
       ('Sweet Things (Ft. Charlotte Martin)', 82, 12),
       ('Bright Morningstar', 82, 12),
       ('Break My Fall (Ft. BT)', 82, 12),
       ('In the Dark (Ft. Christian Burns)', 82, 12),
       ('Dance4Life (Ft. Maxi Jazz)', 82, 12),
       ('Elements of Life', 82, 12),
       ('He’s a Pirate (Tiësto Remix)', 82, 12),
       ('Everything (Acoustic Version) (Ft. JES)', 82, 12),

       ('Kaleidoscope (Ft. Jónsi)', 83, 12),
       ('Escape Me (Ft. C.C. Sheffield)', 83, 12),
       ('You Are My Diamond (Ft. Kianna Alarid)', 83, 12),
       ('I Will Be Here (Ft. Sneaky Sound System)', 83, 12),
       ('I Am Strong (Ft. Priscilla Ahn)', 83, 12),
       ('Here on Earth (Ft. Cary Brothers)', 83, 12),
       ('Always Near', 83, 12),
       ('It''s Not the Things You Say (Ft. Kele)', 83, 12),
       ('Fresh Fruit', 83, 12),
       ('Century (Ft. Calvin Harris)', 83, 12),
       ('Feel It in My Bones (Ft. Tegan and Sara)', 83, 12),
       ('Who Wants to Be Alone (Ft. Nelly Furtado)', 83, 12),
       ('LA Ride', 83, 12),
       ('Bend It Like You Don''t Care', 83, 12),
       ('Knock You Out (Ft. Emily Haines)', 83, 12),
       ('Louder Than Boom', 83, 12),
       ('Surrounded By Light', 83, 12),

       ('Red Lights', 84, 12),
       ('Footprints (Ft. Cruickshank)', 84, 12),
       ('Light Years Away (Ft. DBX)', 84, 12),
       ('A Town Called Paradise (Ft. American Authors)', 84, 12),
       ('Written In Reverse (Ft. Hardwell & Matthew Koma)', 84, 12),
       ('Echoes (Ft. Andreas Moe)', 84, 12),
       ('Last Train (Ft. Firebeatz (NL) & Ladyhawke)', 84, 12),
       ('Wasted (Ft. Matthew Koma)', 84, 12),
       ('Let''s Go (Ft. Icona Pop)', 84, 12),
       ('The Feeling (Ft. Ou Est Le Swimming Pool)', 84, 12),
       ('Shimmer (Ft. Christian Burns)', 84, 12),
       ('Close To Me (Ft. Quilla and Sultan + Ned Shepard)', 84, 12),
       ('Set Yourself Free (Ft. Krewella)', 84, 12),
       ('Don''t Hide Your Light (Ft. Denny White)', 84, 12),
       ('Calling On Angels (Ft. Elan Lea & Fred Falke)', 84, 12),
       ('Can''t Forget (Ft. Dzeko & TORRES)', 84, 12),
       ('Take Me (Ft. Kyler England)', 84, 12),
       ('Say Something (Ft. Emily Rowed)', 84, 12),

       ('God Is a Dancer by Tiësto & Mabel', 85, 12),
       ('Nothing Really Matters (Ft. Becky Hill)', 85, 12),
       ('Ride (Ft. The Kid Daytona & ROE)', 85, 12),
       ('Ritual (Ft. Jonas Blue & Rita Ora)', 85, 12),
       ('Jackie Chan (Ft. Post Malone, Preme & Dzeko)', 85, 12),
       ('Lifestyle (Ft. KAMILLE)', 85, 12),
       ('On My California (Ft. Fontwell, Snoop Dogg & Shaun Frank)', 85, 12),
       ('BLUE (Ft. Stevie Appleton)', 85, 12),
       ('Round & Round (Ft. GALXARA)', 85, 12),
       ('Lose You (Ft. ILIRA)', 85, 12),
       ('Over You (Ft. Becky Hill)', 85, 12),
       ('What''s It Gonna Be (Ft. KAMILLE)', 85, 12),
       ('Insomnia (Ft. Violet Skies)', 85, 12);







